linkNumber,reviewBy,reviewRating,reviewAt,reviewDescription,city
0,Sabaha,5/5 Stars,03-09-21,Testy & Quickly Prepare,Karachi
3,Noor,4/5 Stars,20-07-21,Cheese Zara thi fajita sicilian me or chicken kam tha taste average tha bs baki packaging and timeline  were good,Karachi
3,Komal,1/5 Stars,22-05-21,"SPOILER WARNING! do not waste your money! This was the worst thing I have eaten in my whole life! I can't call it a Pizza. I ordered cheesy pizza and it was just bread and low quality cheeze on it. No sauses no meat, no other topping, nothing. I wasted my money on them.",Karachi
3,sony,5/5 Stars,13-05-21,"bht achi service hai inki 
or pizza b bht testy",Karachi
3,Noor,5/5 Stars,06-05-21,I ordered white pasta and pizza fries..both were delicious..packaging Is not so good but taste is acceptable and good...,Karachi
5,Tasawar,5/5 Stars,01-09-21,Yes,Karachi
5,Hina,2/5 Stars,23-08-21,"Biryani is so bad,soo much oily and spicy,rice are not well cooked",Karachi
5,Hamza,1/5 Stars,21-08-21,Worst food,Karachi
7,Shariq,5/5 Stars,03-09-21,It was good experience with all time,Karachi
7,Saima,1/5 Stars,25-08-21,Too much oily and sugar is only in center,Karachi
7,hira,2/5 Stars,23-08-21,"The order did not come as per expectation, a dish of onion and chillies were having only onions no quality food at all and also not pocket friendly in 170 rs we only ate pyaz. Totally disappointing",Karachi
7,Raheel,2/5 Stars,22-08-21,Quality is good but quantity is lesser than before,Karachi
7,Farhan,5/5 Stars,22-08-21,"Very delicious, quantity was also good.",Karachi
7,Syed,3/5 Stars,14-08-21,Ù¾Ø±Ø§Ù¹Ú¾Ø§ Ø³Ø®Øª ÛÙˆ Ø±ÛØ§ ØªÚ¾Ø§Û” Ø§Ù†ÚˆØ§ Ù¾Ø±Ø§Ù¹Ú¾Ø§ Ù…ÛŒÚº Ø§Ù†ÚˆØ§ Ú©Ù… ØªÚ¾Ø§Û”,Karachi
7,abiha,5/5 Stars,13-08-21,Verynice,Karachi
7,Abiha,4/5 Stars,12-08-21,Aloo paratha nd kabab tikki is good but lachedaar paratha is hard,Karachi
7,Talha,5/5 Stars,12-08-21,"Yummiest breakfast I've ever had via foodpanda. Delicious, hygienic and fresh.  Ordered aalo kabab, aalo bhujya and parathas. May Allah give more te barkat in your business aamen.",Karachi
7,Tehniat,5/5 Stars,08-08-21,Food is delicious but cook more,Karachi
7,amirNJ,5/5 Stars,29-07-21,Best,Karachi
7,Muhammad,5/5 Stars,26-07-21,"Me pichle saal agra gaya tha india, agra taj mehal k back side per 1 food street thi, wahan 1 dhaba style hotel tha Anarkali hotel. Wahan jo tea pea thi us ka jo tast tha wo me kabhi nahi bhola, lekin aaj aap ki tea pee ker mujhe woh bhi bhol gayi, jaado he sach me jaado. 50 rupee me agra ki tea se bhi behter, bhai apko international Laval per apni tea sall kerni chahiye. Maza aagaya. Thanks.",Karachi
7,Nisa,2/5 Stars,22-07-21,Packaging was so poor,Karachi
7,Shazz,3/5 Stars,18-07-21,Taste was good but salt bht ziada tha,Karachi
7,Faisal,1/5 Stars,17-07-21,Not what it says.. very average paratha,Karachi
7,amirNJ,5/5 Stars,13-07-21,Awesome,Karachi
7,Syed,1/5 Stars,11-07-21,"Aalo paratha wasn't have enough filling,
Piaz mirch salan was too bad and different from photo",Karachi
7,Imran,2/5 Stars,09-07-21,Alu itnay sakt sahi pakay nahi plz zara time laga Len laikin food quality plz dekhain pait main dard hgya kha kar,Karachi
7,Faisal,4/5 Stars,09-07-21,Was delivered late,Karachi
7,Noman,5/5 Stars,07-07-21,Nice,Karachi
7,arbish,5/5 Stars,02-07-21,best,Karachi
7,Jamal,5/5 Stars,01-07-21,excellent food,Karachi
7,Amir,5/5 Stars,27-06-21,Quantity of tea is very less,Karachi
7,Hafsa,1/5 Stars,26-06-21,Mircho ka salan ....ewwwwwğŸ˜¶,Karachi
7,Maha,5/5 Stars,25-06-21,"Taste ğŸ‘
Quality and quantity ğŸ’¯
But prices are high ğŸ‘",Karachi
7,Shazil,5/5 Stars,09-06-21,Mashallah bot outclass tha,Karachi
7,kamran,5/5 Stars,08-06-21,Amazing food. ğŸ‘ jazakillah,Karachi
7,Syeda,3/5 Stars,07-06-21,Parhathy ma stuff normal tha aur kabab ma sy egg ki smell arahi thee kafi,Karachi
7,Kamran,4/5 Stars,07-06-21,Parathay thore kache thay,Karachi
7,AbdulRahman,5/5 Stars,03-06-21,Excellent,Karachi
7,AbdulRahman,5/5 Stars,02-06-21,Excellent,Karachi
7,Kamran,5/5 Stars,31-05-21,Green chilli omlate halka tha,Karachi
7,AbdulRahman,5/5 Stars,28-05-21,It was good,Karachi
7,AbdulRahman,5/5 Stars,27-05-21,It was good,Karachi
7,Moon,3/5 Stars,23-05-21,"Parathas were very good
Also bhujya was OK
Tea was very pathetic",Karachi
7,Ahsan,4/5 Stars,22-05-21,Better to give also para tha with chai deals,Karachi
7,zahid,2/5 Stars,18-05-21,ğŸ˜”ğŸ˜”,Karachi
7,Shahmeer,1/5 Stars,12-05-21,The food is good but rider is tu batamiz plz rider change karien otherwise I will case you,Karachi
7,MuhammadAli,1/5 Stars,11-05-21,Total worst food and tea,Karachi
7,Ahmed,5/5 Stars,05-05-21,JAZAKALLAH for yummy and hygienic food n many prayers for you n food panda as well,Karachi
7,Naina,3/5 Stars,02-05-21,I ordered aloo paratha but there was only turmeric in the name of spices,Karachi
11,Asma,5/5 Stars,11-09-21,Good ğŸ‘,Karachi
11,Millie,1/5 Stars,06-09-21,Very late delivery so disappointed,Karachi
11,Amin,1/5 Stars,30-08-21,Bakwas bryani tasteless 3rd class quality,Karachi
13,Alvina,5/5 Stars,22-06-21,Good packaging and rolls owsam,Karachi
13,MuhammadAli,5/5 Stars,18-06-21,Owsum,Karachi
13,Iblal,5/5 Stars,18-06-21,Extremely amazing food highly recommended,Karachi
13,Isma,2/5 Stars,16-06-21,Aloo samosa had no taste.,Karachi
13,Saaim,3/5 Stars,14-06-21,"Bhai agar discount dia huwa hi hai to drinks to thandi de do, boiled pepsi peene ka shauq nahi hai jaani",Karachi
13,Murtaza,5/5 Stars,27-05-21,Outstanding food ..,Karachi
13,Kanwal,2/5 Stars,21-05-21,"I ordered nuggets and chicken wontons from this place. Wontons were so flat and the filling was also so less. Taste was not  good. I wasted my money! 'But nuggets were tasty and good. 
Please improve the quality of wontons.",Karachi
13,Noman,4/5 Stars,08-05-21,Last time jb order kiya the tou qeema samosa ki jaga aloo samosa mila tha ab sahi receive,Karachi
13,Sumaira,1/5 Stars,04-05-21,Chesse wonton order kia hy piyaz bhar Kar day di na chesse tha na chicken tha taste  less than,Karachi
13,Iqra,3/5 Stars,02-05-21,Quantity of chicken and cheese is very least,Karachi
13,MuhammadAli,4/5 Stars,02-05-21,I guess storage temperature should be change..because nuggest were bit smelly,Karachi
13,Humza,3/5 Stars,30-04-21,I ordered chicken samosa and what i got was veg samosa,Karachi
13,Ambreen,1/5 Stars,30-04-21,Taste was so bad,Karachi
13,Ali,5/5 Stars,28-04-21,Best.recommended,Karachi
13,Murtaza,5/5 Stars,27-04-21,Highly recommended,Karachi
13,Muhammad,5/5 Stars,26-04-21,Ache samose the,Karachi
13,Sara,3/5 Stars,24-04-21,"Ordered one bite samosa. It was good. Will order again , hopefully",Karachi
13,Muhammad,5/5 Stars,23-04-21,Aloo samosa was very tasty likin ap half dozen samosas ka bhi option nikale,Karachi
13,Mohammed,1/5 Stars,22-04-21,"Loru khali wontons pakradiye....
Kaash ek lanat ka bhi option hotağŸ¤¬ğŸ¤¬
Paisay thoray ziyada Le lo magar cheez tou achi do",Karachi
13,Shoaib,5/5 Stars,22-04-21,"I Ordered Roll and One Bite Samosa
Like it ğŸ‘",Karachi
13,Roha,5/5 Stars,21-04-21,Tasty ğŸ‘,Karachi
13,Hina,5/5 Stars,21-04-21,Very tasty chicken mint roll and wonton,Karachi
13,Furqan,5/5 Stars,19-04-21,"Good taste , fresh and very juicey",Karachi
13,SÃÃ«dÅ½ÃµHÃ¥Ã­ÃŸ,5/5 Stars,19-04-21,Fair as per the price... Mint roll and Qeema samosa was really tasteful... will order more soon â¤ï¸,Karachi
13,Omer,4/5 Stars,18-04-21,"Please make sure the frozen item we buy, do not stick together, as it becomes a hassle to take them all out individually.",Karachi
13,Atif,1/5 Stars,17-04-21,Ache nhi thy samose,Karachi
13,Osama,3/5 Stars,14-04-21,behtarein mint roll and qeema ka samosa tha. But meine chicken cheese balls mangae the not samosa !!,Karachi
13,Rizvana,5/5 Stars,10-04-21,Best as always ğŸ‘,Karachi
13,Tuba,1/5 Stars,07-04-21,The samosas they send are rotten and smelly,Karachi
13,Duaa,5/5 Stars,17-03-21,Quantity bhot kam hai paise bhot zyada,Karachi
13,UrRehman,5/5 Stars,23-02-21,"Wowww for items ...u did a good job  ,everything is perfect taste and size ...keep it up",Karachi
13,Amna,5/5 Stars,14-01-21,Bohat achi deals thi phir se karen plz bohat testy yummy chizen best of luck,Karachi
13,Muhammad,5/5 Stars,12-01-21,nice ğŸ‘ keep it up,Karachi
13,Aaisha,5/5 Stars,09-01-21,Abhi tak khaya nahi ferozen item hai aik aik inch k samosy hai ğŸ™„,Karachi
13,Aleeza,5/5 Stars,04-01-21,Ordered 1 dozen chicken nuggets. So fresh and tasty!,Karachi
13,Rizvana,5/5 Stars,25-12-20,ğŸ‘,Karachi
13,Rizvana,5/5 Stars,22-12-20,ğŸ‘ğŸ‘,Karachi
13,Nida,5/5 Stars,21-12-20,havent taste it yet but i am rating you 5 stars - hopefully i wont regret,Karachi
13,Sumair,3/5 Stars,13-12-20,Small in size and just ok,Karachi
13,Warda,3/5 Stars,13-12-20,Cheese jab dalni nai hoti wontons ma to na liyan kindly...or mixture b itni kanjoosi  sa dala ha,Karachi
15,Amir,5/5 Stars,27-06-21,Niceeee,Karachi
15,Filza,4/5 Stars,02-06-21,Junior burger,Karachi
15,Ahsan,3/5 Stars,01-06-21,Good,Karachi
15,Sana,1/5 Stars,30-05-21,Food was uncooked,Karachi
17,Sumaira,1/5 Stars,11-09-21,Very bad and smelly porries using very old oil to fry,Karachi
17,Wadia,4/5 Stars,10-09-21,Puri was tasty but choolay sahi nahi galey hoey the or aalo ki tarkari mei sey halki si smell thi,Karachi
17,Yumna,4/5 Stars,10-09-21,Bakaaaaaaaaaaar,Karachi
17,Saima,4/5 Stars,05-09-21,Price is high,Karachi
17,Anoosha,5/5 Stars,29-08-21,Awesome And Delicious,Karachi
17,Prince,1/5 Stars,26-08-21,The quility of the puris i ordered was not good and the cholla and tarkari was also not good at all. The price is very high according to the quality. I wont order from them from now on..,Karachi
17,humo,5/5 Stars,08-08-21,Yummy or bhot acha taste tha in sha Allah again oder kre gy,Karachi
17,Amna,1/5 Stars,30-07-21,Hopeless,Karachi
17,MuhammadZubair,5/5 Stars,25-07-21,Delicious as always,Karachi
17,Diya,2/5 Stars,21-07-21,Mene rusk b order kia tha dia he nahi ğŸ˜,Karachi
17,Faiz,5/5 Stars,15-07-21,Wonderful puri,Karachi
17,taha,1/5 Stars,11-07-21,Pathetic tase. Halwa was not cooked properly. Tarkari has no salt in it,Karachi
17,Hina,1/5 Stars,10-07-21,Meetha chewra order kia tha moti nimko bhaij Di very bad,Karachi
17,Ayesha,1/5 Stars,06-07-21,"Bad experience
Tasteless parties",Karachi
17,Jalil,3/5 Stars,27-06-21,Achi hoti ha halwa pori Allahpak berkat de apk kam ma,Karachi
17,Faiz,5/5 Stars,27-06-21,"One of the beat halwa puri in town do order from here. The puri, aloo, channa everything was fresh and hot. Totally satisfied",Karachi
17,Zeeshan,2/5 Stars,27-06-21,Pls make Puri with less oil,Karachi
17,Rizwan,4/5 Stars,26-06-21,Good,Karachi
17,Sayeed,4/5 Stars,23-06-21,Rolls was not good,Karachi
17,Saud,1/5 Stars,18-06-21,Poor food serve,Karachi
17,Alina,2/5 Stars,16-06-21,Alu ki tarkari was mising..,Karachi
17,Abdul,5/5 Stars,16-06-21,Halwa km tha,Karachi
17,Abdul,4/5 Stars,15-06-21,May hamesha yahi sy order kerta hoo lekin isdafa salan ki quantity km thi,Karachi
17,Maha,1/5 Stars,14-06-21,"Good taste
Perfect quality and quantity",Karachi
17,Yumna,2/5 Stars,12-06-21,No taste  bekaar chips oil hi ganda tha frying wala,Karachi
17,Abdul,5/5 Stars,09-06-21,Best halwa puri,Karachi
17,Taimoor,5/5 Stars,06-06-21,Best,Karachi
17,Junaid,1/5 Stars,04-06-21,Very bad,Karachi
17,Junaid,5/5 Stars,29-05-21,Out standing,Karachi
17,alishba,5/5 Stars,27-05-21,Bhot zabardast,Karachi
17,Ayesha,3/5 Stars,26-05-21,Chips baasi thy .. roll was good ..,Karachi
17,Mrs,1/5 Stars,21-05-21,Nimko ki quantiti boht km ti baqi items thik thy,Karachi
17,Faizan,5/5 Stars,20-05-21,"Good taste, magar halwa nhi DalağŸ˜¡jb pkg main mention kartay ho to plz Aesa mat karen",Karachi
17,Mahek,4/5 Stars,17-05-21,"The quantity was extremely poor. The curry served with 4 puris was extremely less. However, the taste was phenomenal and extremely tasty.",Karachi
17,Amara,1/5 Stars,16-05-21,I ordered halwa puri...which delivered me after 2 hours and tarkari was so spicy that no one could eat it,Karachi
17,Wadia,5/5 Stars,07-04-21,"Halwa puri was tasty 
Aise hi apna taste barkarar rakhen 
Highly recommended ğŸ‘ğŸ‘",Karachi
17,MuhammadZubair,5/5 Stars,04-04-21,"Taste, packing everything perfect but rider always late to deliver ğŸ˜‘",Karachi
17,Safia,3/5 Stars,03-04-21,Moog ki daal ki quantity bohat kam thi plz don't buy bakery item,Karachi
17,MuhammadOsama,5/5 Stars,28-03-21,Best as always,Karachi
17,Muzaffar,5/5 Stars,26-03-21,Best,Karachi
17,Naveera,5/5 Stars,25-03-21,"Highly recommend!! 
Perfect tasteğŸ‘",Karachi
17,Nuzhat,1/5 Stars,25-03-21,Basi thin andarsy or roll,Karachi
17,Hashim,5/5 Stars,23-03-21,Delicious halwa puriğŸ‘,Karachi
19,Kashif,1/5 Stars,17-03-21,I didn't receive my order but it's mark delivered,Karachi
19,Tahir,2/5 Stars,22-02-21,Beef or chicken dono Sai sa bake ni hoi v the. Kachay tha..,Karachi
19,Urooj,5/5 Stars,13-01-21,Tasteâ¤ï¸,Karachi
19,Tooba,2/5 Stars,08-11-20,I got my food in 1 hour instead of 25 min. Its too late. Also rider didn't know the area he reached after too much guiding him.,Karachi
21,Manal,1/5 Stars,21-05-21,To much masala,Karachi
21,Haris,1/5 Stars,21-05-21,ÚˆÛŒÚ‘Ú¾ Ú¯Ú¾Ù†Ù¹Û Ù„ÛŒÙ¹ Ù¾ÛÙ†Ú†Ø§ ÛÛ’ Ø±Ø§Ø¦ÚˆØ± Ø§ÙˆØ± Ø¨Ø±ÛŒØ§Ù†ÛŒ Ø¨Ú¾ÛŒ Ø¨Ø³ Ø§ÛŒÙˆØ±Ø¬ ÛÛŒ ØªÚ¾ÛŒ,Karachi
21,Syeda,2/5 Stars,02-05-21,Biryani them this par quantity bohat kam  thi packing to thi he ni supper ma biryani bhaj di,Karachi
21,Fazla,1/5 Stars,27-04-21,Tasteless,Karachi
21,Fazeela,3/5 Stars,21-04-21,not fresh,Karachi
21,Hanzu,4/5 Stars,29-03-21,Detail for spicy or non spicy,Karachi
21,Nida,4/5 Stars,25-03-21,Taste was awesum but contity too shot,Karachi
21,Samia,5/5 Stars,19-03-21,Tru to give spoons with the order next time,Karachi
21,Sajid,1/5 Stars,14-03-21,3rd class oily biryani.,Karachi
21,faiza,5/5 Stars,12-03-21,Good,Karachi
21,Manahil,1/5 Stars,06-03-21,"Bilkul khrb or basi biryani thi sharam ani chye ap logo ko 
160 me itnahi khrab or basi biryani bhji",Karachi
21,Sidrah,2/5 Stars,04-03-21,Quantity is very less and  chicken pieces are very small,Karachi
21,Anas,1/5 Stars,25-02-21,Ghatiya tareen biryani i have ever eaten tasteless masla hi masla chawal naam ko thy,Karachi
21,Sadia,1/5 Stars,16-02-21,Bed experiace teast less quality 0,Karachi
21,Dua,3/5 Stars,07-02-21,Biryani was so cold .all taste was furnished due to coldness,Karachi
21,Hira,1/5 Stars,04-02-21,Too much spicy biryani,Karachi
21,owais,1/5 Stars,10-01-21,Nice,Karachi
21,Rukhsar,1/5 Stars,07-01-21,Tastelesss biriyani ever without chiken,Karachi
21,anas,1/5 Stars,01-01-21,Chotiyapeee ki biryani,Karachi
21,Ahmed,1/5 Stars,31-12-20,Taste was not like before,Karachi
21,Ayesha,5/5 Stars,30-12-20,Very tasty ğŸ˜‹ food,Karachi
21,saira,1/5 Stars,27-12-20,Bhtt hii kharab experience rha mera aplog nee srff masala bhar kr dedia chawal bilkul nai thaa srff masala orr kachra hi kachra usmnn .,Karachi
21,Farman,3/5 Stars,20-12-20,Too spicy,Karachi
21,Urooj,1/5 Stars,16-12-20,Biryani was very spicy,Karachi
21,noman,2/5 Stars,15-12-20,Biryani was not fresh bad experience,Karachi
21,mobi,1/5 Stars,12-12-20,"Uncooked chicken, and cold",Karachi
21,AriSha,1/5 Stars,10-12-20,Tastless food.. rice was not cooked,Karachi
21,Quratshibly,5/5 Stars,07-12-20,Increase the quantity of rice,Karachi
21,Anam,1/5 Stars,07-12-20,Tasteless biryani with smely chckn,Karachi
21,Farrukh,5/5 Stars,05-12-20,Awesome,Karachi
21,Owais,4/5 Stars,29-11-20,Order received very late. Biryani bilkul bhi garam ni ghi..,Karachi
21,Waqas,1/5 Stars,28-11-20,Biryani doesn't have a taste,Karachi
21,FaizanKhan,5/5 Stars,27-11-20,good,Karachi
21,Muhammad,4/5 Stars,27-11-20,The taste was good but it was so spicy ğŸŒ¶,Karachi
21,samrah,5/5 Stars,23-11-20,Taste acha tha pr thandi or oily thi bht,Karachi
21,Noor,1/5 Stars,21-11-20,No standard food available on foodpanda.,Karachi
21,Javeria,5/5 Stars,20-11-20,They did not give spoons and for this we suffer alot..,Karachi
21,Atif,5/5 Stars,08-11-20,Garama garam biryani ho to maza ajay,Karachi
21,amaya,5/5 Stars,28-10-20,Goood,Karachi
21,Syeda,2/5 Stars,22-10-20,Biryani taste not good,Karachi
21,Maherumair,1/5 Stars,22-10-20,Briyani is taste less,Karachi
21,Sayyieda,4/5 Stars,11-10-20,"Less in quantity,  was too much hungry and when saw the box was very dissapointed... But khair h..  I gave u 4stars of rating, and suggested  to my circle",Karachi
21,Mrs,1/5 Stars,11-10-20,Ú©Ú¾Ø§Ù†Ø§ Ø§Ú© Ø¯Ù… Ø¨ÛŒÚ©Ø§Ø± ØªÚ¾Ø§ ØµØ±Ù Ù…ØµØ§Ù„Ø­Û ØªÚ¾Ø§ Ù…Ø±Ú† ÛÛŒ ØªÚ¾ÛŒ Ú©ÙˆÙ¸ÛŒ Ø°Ø§Ù¸Ù‚Û Ù†ÛÛŒÚº Ø¨Ø±ÛŒØ§Ù†ÛŒ Ú©Ø§ Û”Û”,Karachi
23,Muhammad,5/5 Stars,04-12-20,Nice & crispy.!,Karachi
23,Shaheryar,5/5 Stars,01-10-20,Amazing experience,Karachi
23,Hiba,1/5 Stars,27-09-20,Worst food bhttt gnda. Burger is smelly. And no cheese in big chicken cheese nurger like seriously. Mayo roll  tpu aaisaa phatta hwa thaa k na pucho. Gmdi wali ketchup s ebhra hwa bs. Herky wala jitnaa khud gamda rehta hai na wese hi gmda burger deya. Seriously kabhi b koi na mangwaye. Pachtaogay. Mark my words Pachtaogay,Karachi
23,Hammad,5/5 Stars,03-09-20,2nd time i didnt get bun with broast plz add bun with broast ..as the meal is incomplete without bun,Karachi
23,Hammad,4/5 Stars,23-08-20,Add bun with brosat,Karachi
23,mohammad,1/5 Stars,30-07-20,Food was not fresh mayo garlic roll was baasi,Karachi
25,Fasihuddin,1/5 Stars,06-08-21,baykar or third class pasay zaya huway h kacha tha or sirf bread thi band kar do aysay resturant ko,Karachi
25,Faizan,1/5 Stars,29-06-21,Poor not buy again,Karachi
25,Akhter,1/5 Stars,26-06-21,"Bohat he gathya restaurant hey.....dont try......cheese shawarma order kiya tha.....parthey main gobi bhar key roll bana k bahaj diya,......koi ala kisam key gathiya log hey.......total waste .... Dont try",Karachi
25,Tabish,2/5 Stars,26-06-21,The taste was worst ..,Karachi
25,MTalha,1/5 Stars,20-06-21,Pizza not good waste money,Karachi
25,Sadia,1/5 Stars,13-06-21,Average,Karachi
27,Subhaan,1/5 Stars,06-04-21,I didnot get my order.. Refund my amount... I am very disapponted with this act of panda..,Karachi
29,Muhammad,1/5 Stars,25-06-21,"Rotten chicken used, very disappointed...",Karachi
29,Ali,5/5 Stars,01-06-21,It was amazing,Karachi
29,Muhib,2/5 Stars,31-05-21,Every thing was good but the quality could be om0roved,Karachi
29,MuhammadNoman,1/5 Stars,29-05-21,The food was basi (stale)... have ordered from here before the quality was good but now they have degraded it... i don't know why they are doing it... but i hope that they get back to their old level soon.,Karachi
29,Coo,1/5 Stars,01-05-21,"Worst exp.
Expired chicken.
Lost of money
They should not play with others life
Food authority must check their products",Karachi
29,Farhan,1/5 Stars,26-04-21,The meal was pathetic and I really disappointed your service this is my last experience with food panda.,Karachi
29,Faizan,5/5 Stars,10-04-21,I hope you will maintain the same quality,Karachi
29,Bilal,5/5 Stars,07-04-21,Everything was quite perfect!! Highly recommended â¤ï¸,Karachi
29,Ashir,5/5 Stars,02-04-21,Absolutely crunchy juicy highly recommend,Karachi
29,Shahrukh,1/5 Stars,03-10-20,Food was under cooked,Karachi
29,Mubashir,1/5 Stars,23-09-20,Food was pathetic..no taste.. No quality... So cold and stale,Karachi
29,Faraz,3/5 Stars,20-09-20,Due to deal stuff was less in shawarma all discount cut from less stuff....clever..,Karachi
29,Muhammad,1/5 Stars,15-09-20,"Fries was missing ğŸ˜‘
Peta bread was also not fresh !",Karachi
29,Maheen,5/5 Stars,14-09-20,The food was less then we orderd.packinging was so bad but,Karachi
29,Hassaan,5/5 Stars,05-09-20,"Zabardast food ... 
Great service",Karachi
29,aroush,5/5 Stars,02-09-20,Food is not hot,Karachi
29,Muhammad,3/5 Stars,31-08-20,Quality not good disappointed ketup and mayonise were not up to the mark.,Karachi
29,aroush,4/5 Stars,31-08-20,Taste is good rider is too late and food is not hot ..,Karachi
30,Mustaqeem,1/5 Stars,29-06-21,"Third class, ghatiya no taste, especially maine instruction dia tha ke ketchup na dhalo phir bhi pagal logon ne dhal dia     very disappointed",Karachi
30,Abdul,3/5 Stars,29-06-21,Food was cold,Karachi
30,Ali,1/5 Stars,24-06-21,Fries nhi bhejy,Karachi
30,Samia,2/5 Stars,20-06-21,I ordered roll... That wasn't fresh and too small,Karachi
30,Owais,1/5 Stars,15-06-21,really bad experience i ordered kabab roll instead they send my chicken roll and even food panda didn't help me here really upset,Karachi
30,Muhammad,3/5 Stars,14-06-21,Roll phele se bhai patla kr diya hy,Karachi
30,Umair,1/5 Stars,13-06-21,Phli dafa jb order kra twister roll to thk tha per ab ki bar totally cornflour ki layer very disappointed r tikka to totally bkwas na chatni na piyaz 240 me ğŸ™„ğŸ˜,Karachi
30,Talal,1/5 Stars,12-06-21,"Not good... Broast was not properly cooked..
Behari boti quality and quantity too bad.. ğŸ˜’",Karachi
30,ArsalanAhmed,4/5 Stars,10-06-21,Coalslaw nhi tha ğŸ˜¢,Karachi
30,Umair,1/5 Stars,03-06-21,I have ordered beef burger and beef spicy mayo roll. The smelly beef patty in the burger and the roll was of chicken instead of beef. Very bad experience!!,Karachi
30,Alishba,1/5 Stars,01-06-21,Highly disappointed with the food..,Karachi
30,Humera,4/5 Stars,01-06-21,I have tried zinger and chicken chatting rolls and both r to good,Karachi
30,wahaj,1/5 Stars,01-06-21,Pathetic taste,Karachi
30,Muhammad,3/5 Stars,31-05-21,Mjy iska feiry zinger bht pasand tha but this time zara b acha nhi tha wo taste hi nhi tha,Karachi
30,Huzaifa,1/5 Stars,31-05-21,Blkl beekar hai broast mangwaya tha pta aik chicken ka piece bhejwa diya bs woh bh kacha aur baasi,Karachi
30,Rafay,1/5 Stars,30-05-21,Worst experience. We ordered 4 bbq sandwiches bakhuda bhook se halat kharab hogai thi kyun k order late aya. Or jab aaya tou order ghalat tha. 4 sastay chicken burger. We paid 995 for the sandwiches not for those 100 or so burgers that we never ordered. I have the order id with pictures proof.,Karachi
30,Shahrukh,1/5 Stars,29-05-21,Oily food and stale,Karachi
30,Naseer,1/5 Stars,29-05-21,It wasss tooo bad it was a totally wastage of money from now I can't even imagine to buy any food from this restaurant,Karachi
30,Hamaila,3/5 Stars,28-05-21,Excellent,Karachi
30,Saqib,1/5 Stars,28-05-21,Pathetic broast. Inkk ban kr k band kr dena chahye,Karachi
30,Iblal,3/5 Stars,20-01-21,They sent leg instead of chest,Karachi
30,Amatul,1/5 Stars,17-01-21,Bad service of islam food,Karachi
30,Hamza,2/5 Stars,16-01-21,Really disappointed,Karachi
30,Waqar,5/5 Stars,16-01-21,Tasty food zabardast perfect meal,Karachi
30,Saeed,1/5 Stars,15-01-21,Sand â³ in all four meals.,Karachi
30,javed,1/5 Stars,14-01-21,Taste was not good this time,Karachi
30,JOhnn,4/5 Stars,13-01-21,Good food,Karachi
30,Erum,1/5 Stars,12-01-21,Bht  chota pieces thy,Karachi
30,Ansharah,1/5 Stars,12-01-21,"The chicken in the roll was totally uncooked ..
It wasnt good",Karachi
30,Sana,5/5 Stars,12-01-21,As usual amazing,Karachi
30,Muhammad,1/5 Stars,11-01-21,"The food quantity was not good. I ordered two Qtr. Broast but they were just 2 pieces of chicken altogether not enough for a single person. This is dishonesty, if we are using voucher code doesn't means that we aren't paying or it's a freebie. The voucher amount is incurred and that's a customer loyalty thing. But food business here thinks otherwise.",Karachi
30,mohammad,1/5 Stars,11-01-21,It was so bad and also it was smelling,Karachi
30,Zohair,1/5 Stars,08-01-21,Upsad over all ...this time,Karachi
30,Dilawar,1/5 Stars,04-01-21,No mayo in garlic mayo roll. Pathetic,Karachi
30,Hafsa,1/5 Stars,03-01-21,Boht jhooti or dhokebaazi Ki baat Hy ye kii Mene Bihari chatni roll mngvaya but unhone mjhe tikka roll Laa dia mtlb Kitna ghlt h ye...Bihari boti or tikka main Kitna farq hota h Magar nh fraud Hy ye Or chatnii to dur dur tak nhiii thiii!!! Bss tikka or masala Tha!! Mtlb beef Bihari chatni roll K naam par itna jhoot...,Karachi
30,Zaid,1/5 Stars,03-01-21,"Chutyape ka zinger, bx smell arhi thi burgerr me sarne ki",Karachi
30,SMJunaid,1/5 Stars,02-01-21,Bakwas taste,Karachi
30,Junaid,4/5 Stars,02-01-21,BBQ sandwich is good as always..,Karachi
30,Syed,1/5 Stars,02-01-21,Third class .. horrible.. irresponsible and wrong order they giving us .. will not try this place again,Karachi
30,Palwasha,5/5 Stars,31-12-20,Phatta hua note dekr gye hain rider sahab. Andheray ki wajah se note dekha nahi at the time,Karachi
30,syeda,1/5 Stars,29-12-20,Food was not fresh at all .. sended cold food,Karachi
30,Zia,1/5 Stars,28-12-20,the order was pathetic ...my rolls paratha was cold ...and I ordered one chicken & beef Mayo roll but they gave both chicken ...shame on them ... totally waste of money ....,Karachi
30,Yousuf,1/5 Stars,26-12-20,FOOD WAS COOLED,Karachi
31,ammarah,4/5 Stars,12-09-21,I ordered roll.. they were Just ok..,Karachi
31,Nadeem,1/5 Stars,16-07-21,Mjhy mera meal hi nhu Mila fraud hua mere sth,Karachi
31,Abdul,5/5 Stars,02-07-21,Tasty and fresh food ğŸ˜‹,Karachi
31,DanishHussain,3/5 Stars,27-05-21,Quantity & quality  should not compromised,Karachi
31,Naveed,1/5 Stars,23-05-21,Ghatiyan tareen khana,Karachi
31,Fazila,1/5 Stars,17-05-21,delayed,Karachi
32,Khan,1/5 Stars,24-02-21,Bilkul bakar mircho sa bhare hoi khai bhe ni gai ainda order ni karon ga,Karachi
32,Maham,4/5 Stars,05-02-21,Less quantity as per price,Karachi
32,Naqi,5/5 Stars,03-02-21,Awesome deal,Karachi
32,Zeba,1/5 Stars,29-01-21,Ú¯Ú¾Ù¹ÛŒØ§ ØªØ±ÛŒÙ† Ø±ÙˆÙ„Ø² Ú©ÙˆØ¦ÛŒ Ø¨Ú¾ÛŒ Ø²Ø§ÛŒÙ‚Û Ù†ÛÛŒÚº Ø§ÛŒÚ© Ø¨ÙˆÙ¹ÛŒ... ÚˆÛŒÙ„Ø² Ú©Û’ Ù†Ø§Ù… Ù¾Ø± Ø¯Ú¾ÙˆÚ©Û Ø­Ø¯ ÛÛ’,Karachi
33,Anusha,5/5 Stars,11-09-21,It was really goood!,Karachi
33,Ahmer,4/5 Stars,08-09-21,"It was good.. fries was pretty good..  
Don't know if the chef is seeing this or not but I think if you will add a lil more sauce and ketchup in it.. it'd be perfect..",Karachi
33,Ø­Ù…Ø²Û,2/5 Stars,06-09-21,Quantity was good taste was average but itny main acha h,Karachi
33,MAsif,5/5 Stars,05-09-21,Ù…Ø§ Ø´Ø§Ø¡ Ø§Ù„Ù„Ù‡,Karachi
33,Areesha,1/5 Stars,05-09-21,"Pehlay mangwaya tha tou acha tha ab zinger mai chicken bhtt baasi thi aur chicken kam srf coating hi thi aur mayo wagera bhi nahe tha zyada and please ketchup k sachet bhi daal diya karen yaar 
just this time fries was good otherwise very dissapointed",Karachi
33,Anas,5/5 Stars,03-09-21,The burger was so delicious ğŸ˜‹,Karachi
33,SyedMuhammad,5/5 Stars,02-09-21,Burgers were good but they were bit small. Crispy poppers should have be crispier. Over all food was good.,Karachi
33,Amash,5/5 Stars,01-09-21,It was great,Karachi
33,Muhammad,1/5 Stars,30-08-21,Bht he bekaar zinger . 2 bite khakr phenkna para,Karachi
33,ahmer,2/5 Stars,29-08-21,Not good at all the zinger I ordered was so thin and the bun was stale,Karachi
33,Aliza,1/5 Stars,29-08-21,Pathetic cold and salty chicken is too less and too salty,Karachi
33,Omer,4/5 Stars,29-08-21,Good,Karachi
33,Emam,5/5 Stars,29-08-21,Testy tha or rider be acha tha,Karachi
33,Waseem,1/5 Stars,28-08-21,Not. Good,Karachi
33,Saad,1/5 Stars,27-08-21,Tardh kilas,Karachi
33,Ahmed,5/5 Stars,26-08-21,Best zinger. Small but taste was 10/10,Karachi
33,M,4/5 Stars,26-08-21,Order was good but your mayo garlic sauce taste so bad smell like plastic Maybe cause you put it with hot food it become hot also notice that,Karachi
33,Abid,5/5 Stars,24-08-21,Delicious food,Karachi
33,Ahsen,1/5 Stars,24-08-21,Got food poisoned. No freshness in food,Karachi
33,Salman,5/5 Stars,23-08-21,Awesome,Karachi
33,Syeda,5/5 Stars,23-08-21,everything is fine and fries are so yummy just one thing kindly don't put sause in the box,Karachi
33,Muzammil,1/5 Stars,22-08-21,"Its was not a zinger its was the junior zinger, very bad experience",Karachi
33,Saif,2/5 Stars,21-08-21,Very disappointed by the quantity of chicken patty in zinger. Will be hoping better next time.,Karachi
33,Fayzan,1/5 Stars,21-08-21,Pathatic food ever,Karachi
33,Muhammad,1/5 Stars,20-08-21,Ghatiya tha. Patti itni patli the k Nazar he nae arae the,Karachi
33,SyedFaizan,5/5 Stars,18-08-21,Vvvvv yuuumy,Karachi
33,Drsheeraz,1/5 Stars,13-08-21,Not good,Karachi
33,Osama,2/5 Stars,10-08-21,Extra small zinger burger hai yeh. 220 ki original cost ko 40% discount Mai beach kr mazak na karen bhai. 220 Mai fries k 7 standard size miljata hai. Fries k ginti k the,Karachi
33,Haris,5/5 Stars,09-08-21,Very good in reasonable price,Karachi
33,Farooq,3/5 Stars,09-08-21,Maza nhi aya,Karachi
33,Azan,5/5 Stars,09-08-21,Nice ğŸ˜‹ tasty,Karachi
33,Saad,5/5 Stars,05-08-21,Good,Karachi
33,Innam,1/5 Stars,04-08-21,Tasteless small zinger.,Karachi
33,Waseem,3/5 Stars,02-08-21,Chicken kacha tha zinger me. Aur chat masala bht tha. Bohot hi average burger tha,Karachi
33,Ghania,4/5 Stars,31-07-21,The was tasty but very less in quantity. I ordered a zinger with fries (deal) and it literally had 4 fries within.,Karachi
33,Sadia,1/5 Stars,31-07-21,Tastless,Karachi
33,Naeem,1/5 Stars,28-07-21,Bekar oil use kia tha qulity ko behtar banay,Karachi
34,dua,2/5 Stars,13-09-21,Har dafa alag test hota Hy plz tast same rakhyn apna plz,Karachi
34,Muzammil,1/5 Stars,10-09-21,worst food,Karachi
34,asifa,5/5 Stars,07-09-21,Zabrdst broast mazaaa agayağŸ‘ŒğŸ˜‹,Karachi
34,dua,3/5 Stars,06-09-21,Acha tha bas Thora garam bhej Diya karyn,Karachi
34,Wasfa,1/5 Stars,30-08-21,Bht hi bura tha normal si slice ospe kharaab chicken bht hi bad experience tha,Karachi
34,Ali,4/5 Stars,28-08-21,Good experience,Karachi
34,MTalha,2/5 Stars,27-08-21,Acha nahi tha normal tha..,Karachi
34,Talha,5/5 Stars,23-08-21,Amazing,Karachi
34,Zubair,1/5 Stars,22-08-21,Food was pathetic.,Karachi
34,Shahvez,1/5 Stars,21-08-21,Very bed test very bed chicken used in burger,Karachi
34,dua,5/5 Stars,20-08-21,Thori si chicken BHI daldety to Acha hota bhai,Karachi
34,sehar,3/5 Stars,18-08-21,Rider ny mis behaive kya i dnt like...but roll was gud to test...,Karachi
34,Raees,1/5 Stars,18-08-21,Bekaar,Karachi
34,Sanober,1/5 Stars,18-08-21,Normal jisa dekhaya tha wisa nh tha,Karachi
34,yamina,5/5 Stars,16-08-21,Bhot acha tha bs fries bhot km thi subha 4 baje bilkul fresh tha bhot zabardast broast ki quantity bhot sari thiğŸ˜‹,Karachi
34,SaniyaZameer,5/5 Stars,15-08-21,Very good in taste and this time u have improved .. so five ğŸ¤©,Karachi
34,Famiya,5/5 Stars,15-08-21,Good taste,Karachi
34,Mr,1/5 Stars,15-08-21,Very disappointing rotten food bad smell oil zero star I want my refund,Karachi
34,Waleed,1/5 Stars,14-08-21,"Worst experience ever..
Stale chicken.. been through food poisoning after having this..
Not recommend",Karachi
34,Syed,1/5 Stars,14-08-21,The fries was too spicy and the special egg burger was tasteless and with a very very little  cheese and the shape and quality of burger the burger is totally different from me order.,Karachi
34,AlamUmer,1/5 Stars,13-08-21,Very bad experience,Karachi
34,Raza,3/5 Stars,13-08-21,Chikan senvech good,Karachi
34,asifa,2/5 Stars,09-08-21,Basi tha broast,Karachi
34,Muhammad,5/5 Stars,09-08-21,Tasty,Karachi
34,Fatima,4/5 Stars,08-08-21,Normal but fresh,Karachi
34,Usman,5/5 Stars,08-08-21,very bad bugar quality west my money,Karachi
34,Attika,1/5 Stars,08-08-21,worst food evet,Karachi
34,Madiha,5/5 Stars,08-08-21,Good,Karachi
34,Babar,1/5 Stars,08-08-21,Bad test basi chicken,Karachi
34,Aqib,3/5 Stars,07-08-21,Very expensive and tasteless Zinger Burger plus very less in chicken,Karachi
34,Yumna,1/5 Stars,07-08-21,Wrost experiance bad exberiance ğŸ‘ not recomended vary bad quality of food non fresh n testles ..,Karachi
34,Mohsin,1/5 Stars,06-08-21,I ordered Pizza fries. & they literally send me pathan's fries in a Thermo box rather than an Aluminum box,Karachi
34,Fiza,5/5 Stars,03-08-21,zinger,Karachi
34,SyedAli,1/5 Stars,03-08-21,Bakwas,Karachi
34,Saqib,4/5 Stars,02-08-21,Good,Karachi
34,Syed,2/5 Stars,02-08-21,Not satisfied,Karachi
34,rida,1/5 Stars,01-08-21,bilkul 3rd class... m bilkul thanda Zinger tha pr baasi,Karachi
34,dua,1/5 Stars,01-08-21,Itna thanda yar hod Hoti hy,Karachi
35,Altaf,2/5 Stars,14-08-21,Stale ğŸ‘,Karachi
35,Yasir,1/5 Stars,13-08-21,Food is not fresh,Karachi
35,Afshan,1/5 Stars,07-08-21,"Food was very bad kind of soap smell in chaat 
Gol gappay was not fresh not crunchy at the end we throw 650 rupees of food in garbage not recommend this food way better to buy from street",Karachi
35,Faisal,2/5 Stars,04-08-21,I donâ€™t know why the packaging is suck and menu do you need to be more visible when you dioing online order  Customer need to see the full menu so they can order stuff specially description Itâ€™s a great effort it could be better,Karachi
35,Muhammad,1/5 Stars,02-08-21,Bassssi aur bekar money wastage,Karachi
35,Abdul,5/5 Stars,02-08-21,",, Nice",Karachi
35,Faraz,1/5 Stars,31-07-21,"Khatti chaaat delivered krdi the
Shame on them",Karachi
35,Azra,1/5 Stars,10-07-21,Bhttt bury thy tooba..kindly Haroon k kha k Dekho kese hoty hain gol gappy,Karachi
35,Koko,1/5 Stars,01-07-21,Bekar 3rd class,Karachi
35,Muhammad,1/5 Stars,04-06-21,Namak bht Taz tha or zaiqa bhe Acha nai tha bht Ganda xprens tha bilkul be ek paisy Ka nai tha paisy zaya Hogy mere,Karachi
35,Aniza,1/5 Stars,02-06-21,Very bad taste,Karachi
35,ZoyaKhan,1/5 Stars,02-06-21,Bhot hi bykar or tastless mry pesy zayaa hgy...lahori dahi brry orr paprri chat aysy nhi hoty,Karachi
35,Junaid,1/5 Stars,01-06-21,Bad experience,Karachi
35,Zubair,2/5 Stars,26-04-21,Not good test,Karachi
35,SyedAliv,1/5 Stars,24-04-21,"Meethi dahi phulki order ki thee 
But namkeen dahi barry bhaij diye",Karachi
35,Maryam,5/5 Stars,24-04-21,Bohot hi yummy dahi bary thy bohot zbrdast MashAllah packing bohot achi thi Allah or kamiyabi day apko Ameen ğŸ’“,Karachi
35,Syed,5/5 Stars,13-04-21,Good Taste,Karachi
35,Furqan,1/5 Stars,28-03-21,"Itni byqar chaat thi..itni zada methi shehad jesi na koi dahi na imli Ka Pani na chaat masla, na dahi bara..ajib si basi bondian thn, na koi piyaz timatar, opr se choule b kache...HR lehaz se byqar wast of money... never order again",Karachi
35,Anila,4/5 Stars,28-03-21,Bad taste,Karachi
35,Anum,2/5 Stars,19-03-21,Dahi bilkul patla pani jaisa horha tha,Karachi
35,Anus,1/5 Stars,18-03-21,Gol gappay test was not so good disappointed,Karachi
35,sam,5/5 Stars,12-03-21,Fruit chat m apple k elawa b add kren kchh baqi sb acha tha,Karachi
35,Sana,5/5 Stars,19-02-21,Excellent taste,Karachi
35,Imran,1/5 Stars,07-02-21,"We order 01 fruit cream chat and 01 dahi bally and papri chat,

Fruit chat was good, they give us 02 papri chat there is no dahi bally in order and both papri chat was 3rd class.",Karachi
35,Amber,1/5 Stars,20-01-21,Sb achaa tha but quentity boht kam hai price zada hai or aloo smell arai thi goal gappy ki quentity or qulity barhaye,Karachi
