foodID,restaurantID,foodNumber,linkNumber,cityCode,foodName,foodPrice,foodImage,city
f1,f0,1,0,f,Fried Mutton Nihari,from Rs. 700,https://images.deliveryhero.io/image/fd-pk/Products/3623591.jpg?width=200,Faisalabad
f2,f0,2,0,f,Sada Beef Nihari ,from Rs. 500,https://images.deliveryhero.io/image/fd-pk/Products/3623594.jpg?width=200,Faisalabad
f3,f0,3,0,f,Fried Beef Nihari ,from Rs. 550,https://images.deliveryhero.io/image/fd-pk/Products/3623601.jpg?width=200,Faisalabad
f4,f0,4,0,f,Sada Chicken Nihari,from Rs. 550,https://images.deliveryhero.io/image/fd-pk/Products/3623611.jpg?width=200,Faisalabad
f5,f0,5,0,f,Fried Maghaz,from Rs. 370,https://images.deliveryhero.io/image/fd-pk/Products/2435912.jpg?width=200,Faisalabad
f6,f0,6,0,f,Sada Nalli,from Rs. 320,https://images.deliveryhero.io/image/fd-pk/Products/3623622.jpg?width=200,Faisalabad
f7,f0,7,0,f,Sada Mutton Nihari,from Rs. 650,https://images.deliveryhero.io/image/fd-pk/Products/3623593.jpg?width=200,Faisalabad
f8,f0,8,0,f,Fried Mutton Nihari,from Rs. 700,https://images.deliveryhero.io/image/fd-pk/Products/3623591.jpg?width=200,Faisalabad
f9,f0,9,0,f,Sada Mutton Nihari with Maghaz,from Rs. 880,https://images.deliveryhero.io/image/fd-pk/Products/3623589.jpg?width=200,Faisalabad
f10,f0,10,0,f,Fried Mutton Nihari with Maghaz,from Rs. 930,https://images.deliveryhero.io/image/fd-pk/Products/3623586.jpg?width=200,Faisalabad
f11,f0,11,0,f,Sada Mutton Nihari with Nalli,from Rs. 880,https://images.deliveryhero.io/image/fd-pk/Products/3623587.jpg?width=200,Faisalabad
f12,f0,12,0,f,Fried Mutton Nihari with Nalli,from Rs. 930,https://images.deliveryhero.io/image/fd-pk/Products/3623592.jpg?width=200,Faisalabad
f13,f0,13,0,f,Special Fried Mutton Nihari ,"from Rs. 1,860",https://images.deliveryhero.io/image/fd-pk/Products/3623588.jpg?width=200,Faisalabad
f14,f0,14,0,f,Special Fried Mutton Nihari Container,"from Rs. 4,280",https://images.deliveryhero.io/image/fd-pk/Products/3623590.jpg?width=200,Faisalabad
f15,f0,15,0,f,Sada Beef Nihari ,from Rs. 500,https://images.deliveryhero.io/image/fd-pk/Products/3623594.jpg?width=200,Faisalabad
f16,f0,16,0,f,Fried Beef Nihari ,from Rs. 550,https://images.deliveryhero.io/image/fd-pk/Products/3623601.jpg?width=200,Faisalabad
f17,f0,17,0,f,Sada Beef Nihari with Maghaz,from Rs. 730,https://images.deliveryhero.io/image/fd-pk/Products/3623595.jpg?width=200,Faisalabad
f18,f0,18,0,f,Fried Beef Nihari with Maghaz,from Rs. 780,https://images.deliveryhero.io/image/fd-pk/Products/4424302.jpg?width=200,Faisalabad
f19,f0,19,0,f,Sada Beef Nihari with Nalli ,from Rs. 730,https://images.deliveryhero.io/image/fd-pk/Products/3623600.jpg?width=200,Faisalabad
f20,f0,20,0,f,Fried Beef Nihari with Nalli,from Rs. 780,https://images.deliveryhero.io/image/fd-pk/Products/3623602.jpg?width=200,Faisalabad
f21,f0,21,0,f,Special Beef Nihari Container ,"from Rs. 3,680",https://images.deliveryhero.io/image/fd-pk/Products/3623599.jpg?width=200,Faisalabad
f22,f0,22,0,f,Sada Chicken Nihari,from Rs. 550,https://images.deliveryhero.io/image/fd-pk/Products/3623611.jpg?width=200,Faisalabad
f23,f0,23,0,f,Fried Chicken Nihari,from Rs. 600,https://images.deliveryhero.io/image/fd-pk/Products/3623608.jpg?width=200,Faisalabad
f24,f0,24,0,f,Sada Chicken Nihari with Maghaz,from Rs. 780,https://images.deliveryhero.io/image/fd-pk/Products/3623605.jpg?width=200,Faisalabad
f25,f0,25,0,f,Fried Chicken Nihari  with Maghaz,from Rs. 830,https://images.deliveryhero.io/image/fd-pk/Products/3623606.jpg?width=200,Faisalabad
f26,f0,26,0,f,Sada Chicken Nihari Nalli,from Rs. 780,https://images.deliveryhero.io/image/fd-pk/Products/3623604.jpg?width=200,Faisalabad
f27,f0,27,0,f,Fried Chicken Nihari with Nalli,from Rs. 830,https://images.deliveryhero.io/image/fd-pk/Products/3623609.jpg?width=200,Faisalabad
f28,f0,28,0,f,Special Fried Chicken Nihari ,"from Rs. 1,660",https://images.deliveryhero.io/image/fd-pk/Products/3623610.jpg?width=200,Faisalabad
f29,f0,29,0,f,Special Fried Chicken Nihari Container,"from Rs. 3,860",https://images.deliveryhero.io/image/fd-pk/Products/3623607.jpg?width=200,Faisalabad
f30,f0,30,0,f,Fried Maghaz,from Rs. 370,https://images.deliveryhero.io/image/fd-pk/Products/2435912.jpg?width=200,Faisalabad
f31,f0,31,0,f,Sada Nalli,from Rs. 320,https://images.deliveryhero.io/image/fd-pk/Products/3623622.jpg?width=200,Faisalabad
f32,f0,32,0,f,Fried Nalli,from Rs. 370,https://images.deliveryhero.io/image/fd-pk/Products/3623623.jpg?width=200,Faisalabad
f33,f0,33,0,f,Special Khameeri Roti,Rs. 20,https://images.deliveryhero.io/image/fd-pk/Products/3623626.jpg?width=200,Faisalabad
f34,f2,34,2,f,Chocolate Milkshake,Rs. 200,https://images.deliveryhero.io/image/fd-pk/Products/4946692.jpg?width=200,Faisalabad
f35,f2,35,2,f,Lassi,Rs. 90,https://images.deliveryhero.io/image/fd-pk/Products/6686663.jpg?width=200,Faisalabad
f36,f2,36,2,f,Chocolate Milkshake,Rs. 200,https://images.deliveryhero.io/image/fd-pk/Products/4946692.jpg?width=200,Faisalabad
f37,f2,37,2,f,Khoya Chocolate Mango Milkshake,Rs. 179,https://images.deliveryhero.io/image/fd-pk/Products/4946693.jpg?width=200,Faisalabad
f38,f2,38,2,f,Mango Milkshake,Rs. 139,https://images.deliveryhero.io/image/fd-pk/Products/4946694.jpg?width=200,Faisalabad
f39,f2,39,2,f,Strawberry Milkshake,Rs. 139,https://images.deliveryhero.io/image/fd-pk/Products/4946695.jpg?width=200,Faisalabad
f40,f2,40,2,f,Banana Milkshake,Rs. 139,https://images.deliveryhero.io/image/fd-pk/Products/4946696.jpg?width=200,Faisalabad
f41,f2,41,2,f,Apple Milkshake,Rs. 139,https://images.deliveryhero.io/image/fd-pk/Products/4946697.jpg?width=200,Faisalabad
f42,f2,42,2,f,Pista Milkshake,Rs. 290,https://images.deliveryhero.io/image/fd-pk/Products/4946698.jpg?width=200,Faisalabad
f43,f2,43,2,f,Peach Milkshake,Rs. 139,https://images.deliveryhero.io/image/fd-pk/Products/4946699.jpg?width=200,Faisalabad
f44,f2,44,2,f,Pineapple Milkshake,Rs. 200,https://images.deliveryhero.io/image/fd-pk/Products/4946700.jpg?width=200,Faisalabad
f45,f2,45,2,f,Mango Lassi,Rs. 139,https://images.deliveryhero.io/image/fd-pk/Products/4947674.jpg?width=200,Faisalabad
f46,f2,46,2,f,Strawberry Lassi,Rs. 139,https://images.deliveryhero.io/image/fd-pk/Products/4947677.jpg?width=200,Faisalabad
f47,f2,47,2,f,Banana Lassi,Rs. 139,https://images.deliveryhero.io/image/fd-pk/Products/4947678.jpg?width=200,Faisalabad
f48,f2,48,2,f,Apple Lassi,Rs. 139,https://images.deliveryhero.io/image/fd-pk/Products/4947679.jpg?width=200,Faisalabad
f49,f2,49,2,f,Peach Lassi,Rs. 139,https://images.deliveryhero.io/image/fd-pk/Products/4947680.jpg?width=200,Faisalabad
f50,f2,50,2,f,Papita Lassi,Rs. 139,https://images.deliveryhero.io/image/fd-pk/Products/4947681.jpg?width=200,Faisalabad
f51,f2,51,2,f,Khoya Lassi,Rs. 139,https://images.deliveryhero.io/image/fd-pk/Products/4947682.jpg?width=200,Faisalabad
f52,f2,52,2,f,Mixed Dry Fruit Milkshake,Rs. 249,https://images.deliveryhero.io/image/fd-pk/Products/4947467.jpg?width=200,Faisalabad
f53,f2,53,2,f,Khoya Badam Milkshake,Rs. 199,https://images.deliveryhero.io/image/fd-pk/Products/4947516.jpg?width=200,Faisalabad
f54,f2,54,2,f,Khoya Akhrot Milkshake,Rs. 279,https://images.deliveryhero.io/image/fd-pk/Products/4947517.jpg?width=200,Faisalabad
f55,f2,55,2,f,Khoya Kaju Milkshake,Rs. 279,https://images.deliveryhero.io/image/fd-pk/Products/4947518.jpg?width=200,Faisalabad
f56,f2,56,2,f,Khoya Pista Milkshake,Rs. 279,https://images.deliveryhero.io/image/fd-pk/Products/4947519.jpg?width=200,Faisalabad
f57,f2,57,2,f,Khoya Khajoor Milkshake,Rs. 290,https://images.deliveryhero.io/image/fd-pk/Products/4947520.jpg?width=200,Faisalabad
f58,f2,58,2,f,Khoya Anjeer Milkshake,Rs. 290,https://images.deliveryhero.io/image/fd-pk/Products/4947521.jpg?width=200,Faisalabad
f59,f5,59,5,f,Fried Hot Wings,from Rs. 200,https://images.deliveryhero.io/image/fd-pk/Products/5562888.jpg?width=200,Faisalabad
f60,f5,60,5,f,Pizza Fries,from Rs. 200,https://images.deliveryhero.io/image/fd-pk/Products/5563019.jpg?width=200,Faisalabad
f61,f5,61,5,f,Chicken Nuggets,Rs. 250,https://images.deliveryhero.io/image/fd-pk/Products/5563040.jpg?width=200,Faisalabad
f62,f5,62,5,f,Zinger Burger,Rs. 270,https://images.deliveryhero.io/image/fd-pk/Products/5563241.jpg?width=200,Faisalabad
f63,f5,63,5,f,Oven Baked Hot Wings,from Rs. 230,https://images.deliveryhero.io/image/fd-pk/Products/5562884.jpg?width=200,Faisalabad
f64,f5,64,5,f,Fried Hot Wings,from Rs. 200,https://images.deliveryhero.io/image/fd-pk/Products/5562888.jpg?width=200,Faisalabad
f65,f5,65,5,f,Peri Peri Wings,Rs. 350,https://images.deliveryhero.io/image/fd-pk/Products/5562889.jpg?width=200,Faisalabad
f66,f5,66,5,f,Malai Boti Roll,Rs. 300,https://images.deliveryhero.io/image/fd-pk/Products/5562890.jpg?width=200,Faisalabad
f67,f5,67,5,f,BBQ Chicken Spin Roll,Rs. 300,https://images.deliveryhero.io/image/fd-pk/Products/5563006.jpg?width=200,Faisalabad
f68,f5,68,5,f,Pizza Fries,from Rs. 200,https://images.deliveryhero.io/image/fd-pk/Products/5563019.jpg?width=200,Faisalabad
f69,f5,69,5,f,Chilli Mayo French Fries,Rs. 300,https://images.deliveryhero.io/image/fd-pk/Products/5563036.jpg?width=200,Faisalabad
f70,f5,70,5,f,Chicken Nuggets,Rs. 250,https://images.deliveryhero.io/image/fd-pk/Products/5563040.jpg?width=200,Faisalabad
f71,f5,71,5,f,Fry & Grill Special Pizza,from Rs. 340,https://images.deliveryhero.io/image/fd-pk/Products/5563073.jpg?width=200,Faisalabad
f72,f5,72,5,f,Supreme Pizza,from Rs. 310,https://images.deliveryhero.io/image/fd-pk/Products/5563077.jpg?width=200,Faisalabad
f73,f5,73,5,f,Fajita Pizza,from Rs. 310,https://images.deliveryhero.io/image/fd-pk/Products/5563078.jpg?width=200,Faisalabad
f74,f5,74,5,f,Chicken Tikka Pizza,from Rs. 310,https://images.deliveryhero.io/image/fd-pk/Products/5563079.jpg?width=200,Faisalabad
f75,f5,75,5,f,Cheese Stuffer Pizza,Rs. 900,https://images.deliveryhero.io/image/fd-pk/Products/5563082.jpg?width=200,Faisalabad
f76,f5,76,5,f,Cheese Lover Pizza,Rs. 750,https://images.deliveryhero.io/image/fd-pk/Products/5563083.jpg?width=200,Faisalabad
f77,f5,77,5,f,Bihari Kabab Pizza,from Rs. 700,https://images.deliveryhero.io/image/fd-pk/Products/5563179.jpg?width=200,Faisalabad
f78,f5,78,5,f,Peri Peri Pizza,from Rs. 330,https://images.deliveryhero.io/image/fd-pk/Products/5563198.jpg?width=200,Faisalabad
f79,f5,79,5,f,Red Tandoori Pizza,from Rs. 330,https://images.deliveryhero.io/image/fd-pk/Products/5563199.jpg?width=200,Faisalabad
f80,f5,80,5,f,BBQ Pizza,from Rs. 330,https://images.deliveryhero.io/image/fd-pk/Products/5563200.jpg?width=200,Faisalabad
f81,f5,81,5,f,Fillet Burger,Rs. 220,https://images.deliveryhero.io/image/fd-pk/Products/5563240.jpg?width=200,Faisalabad
f82,f5,82,5,f,Zinger Burger,Rs. 270,https://images.deliveryhero.io/image/fd-pk/Products/5563241.jpg?width=200,Faisalabad
f83,f5,83,5,f,Red Supreme Burger,Rs. 350,https://images.deliveryhero.io/image/fd-pk/Products/5563242.jpg?width=200,Faisalabad
f84,f5,84,5,f,Peri Peri Burger,Rs. 470,https://images.deliveryhero.io/image/fd-pk/Products/5563244.jpg?width=200,Faisalabad
f85,f5,85,5,f,Beef Burger,Rs. 430,https://images.deliveryhero.io/image/fd-pk/Products/5563245.jpg?width=200,Faisalabad
f86,f5,86,5,f,Over Loaded Burger,Rs. 690,https://images.deliveryhero.io/image/fd-pk/Products/5563246.jpg?width=200,Faisalabad
f87,f5,87,5,f,Calzone Sandwich,from Rs. 650,https://images.deliveryhero.io/image/fd-pk/Products/5562966.jpg?width=200,Faisalabad
f88,f5,88,5,f,Chicken Sandwich,Rs. 390,https://images.deliveryhero.io/image/fd-pk/Products/5562998.jpg?width=200,Faisalabad
f89,f5,89,5,f,Crunchy Sandwich,Rs. 420,https://images.deliveryhero.io/image/fd-pk/Products/5563001.jpg?width=200,Faisalabad
f90,f5,90,5,f,Special Pasta,from Rs. 270,https://images.deliveryhero.io/image/fd-pk/Products/5535564.jpg?width=200,Faisalabad
f91,f5,91,5,f,Mineral Water,from Rs. 40,https://images.deliveryhero.io/image/fd-pk/Products/5535673.jpg?width=200,Faisalabad
f92,f5,92,5,f,Soft Drink,from Rs. 50,https://images.deliveryhero.io/image/fd-pk/Products/5563335.jpg?width=200,Faisalabad
f93,f6,93,6,f,Chicken Leg Piece,Rs. 220,https://images.deliveryhero.io/image/fd-pk/Products/3681238.jpg?width=200,Faisalabad
f94,f6,94,6,f,Chicken Breast Piece,Rs. 250,https://images.deliveryhero.io/image/fd-pk/Products/3681239.jpg?width=200,Faisalabad
f95,f6,95,6,f,Soft Drink,from Rs. 80,https://images.deliveryhero.io/image/fd-pk/Products/3682371.jpg?width=200,Faisalabad
f96,f6,96,6,f,Chicken Leg Piece,Rs. 220,https://images.deliveryhero.io/image/fd-pk/Products/3681238.jpg?width=200,Faisalabad
f97,f6,97,6,f,Chicken Breast Piece,Rs. 250,https://images.deliveryhero.io/image/fd-pk/Products/3681239.jpg?width=200,Faisalabad
f98,f6,98,6,f,Roghni Naan,Rs. 45,https://images.deliveryhero.io/image/fd-pk/Products/3682006.jpg?width=200,Faisalabad
f99,f6,99,6,f,Special Khamiri Roti,Rs. 25,https://images.deliveryhero.io/image/fd-pk/Products/3682008.jpg?width=200,Faisalabad
f100,f6,100,6,f,Tandoori Paratha,Rs. 80,https://images.deliveryhero.io/image/fd-pk/Products/6409251.jpg?width=200,Faisalabad
f101,f6,101,6,f,Chatpata Samosa,Rs. 35,https://images.deliveryhero.io/image/fd-pk/Products/5658644.jpg?width=200,Faisalabad
f102,f6,102,6,f,Raita,Rs. 50,https://images.deliveryhero.io/image/fd-pk/Products/3682468.jpg?width=200,Faisalabad
f103,f6,103,6,f,Soft Drink,from Rs. 80,https://images.deliveryhero.io/image/fd-pk/Products/3682371.jpg?width=200,Faisalabad
f104,f6,104,6,f,Mineral Water,Rs. 100,https://images.deliveryhero.io/image/fd-pk/Products/6409259.jpg?width=200,Faisalabad
f105,f7,105,7,f,Deal 1,Rs. 200,https://images.deliveryhero.io/image/fd-pk/Products/6358394.jpg?width=200,Faisalabad
f106,f7,106,7,f,Murgh Pulao,from Rs. 180,https://images.deliveryhero.io/image/fd-pk/Products/2194795.jpg?width=200,Faisalabad
f107,f7,107,7,f,Sada Pulao,from Rs. 130,https://images.deliveryhero.io/image/fd-pk/Products/2194796.jpg?width=200,Faisalabad
f108,f7,108,7,f,Double Boti Pulao,Rs. 250,https://images.deliveryhero.io/image/fd-pk/Products/3150747.jpg?width=200,Faisalabad
f109,f7,109,7,f,Zarda,from Rs. 130,https://images.deliveryhero.io/image/fd-pk/Products/2194799.jpg?width=200,Faisalabad
f110,f7,110,7,f,Favorite Combo 1,Rs. 350,https://images.deliveryhero.io/image/fd-pk/Products/6548843.jpg?width=200,Faisalabad
f111,f7,111,7,f,Deal 1,Rs. 200,https://images.deliveryhero.io/image/fd-pk/Products/6358394.jpg?width=200,Faisalabad
f112,f7,112,7,f,Deal 2,Rs. 150,https://images.deliveryhero.io/image/fd-pk/Products/6358395.jpg?width=200,Faisalabad
f113,f7,113,7,f,Deal 3,Rs. 280,https://images.deliveryhero.io/image/fd-pk/Products/6358397.jpg?width=200,Faisalabad
f114,f7,114,7,f,Deal 4,Rs. 300,https://images.deliveryhero.io/image/fd-pk/Products/6358404.jpg?width=200,Faisalabad
f115,f7,115,7,f,Deal 5,Rs. 250,https://images.deliveryhero.io/image/fd-pk/Products/6358405.jpg?width=200,Faisalabad
f116,f7,116,7,f,Deal 6,Rs. 400,https://images.deliveryhero.io/image/fd-pk/Products/6358407.jpg?width=200,Faisalabad
f117,f7,117,7,f,Murgh Pulao,from Rs. 180,https://images.deliveryhero.io/image/fd-pk/Products/2194795.jpg?width=200,Faisalabad
f118,f7,118,7,f,Sada Pulao,from Rs. 130,https://images.deliveryhero.io/image/fd-pk/Products/2194796.jpg?width=200,Faisalabad
f119,f7,119,7,f,Double Boti Pulao,Rs. 250,https://images.deliveryhero.io/image/fd-pk/Products/3150747.jpg?width=200,Faisalabad
f120,f7,120,7,f,Raita,Rs. 30,https://images.deliveryhero.io/image/fd-pk/Products/2194802.jpg?width=200,Faisalabad
f121,f7,121,7,f,Zarda,from Rs. 130,https://images.deliveryhero.io/image/fd-pk/Products/2194799.jpg?width=200,Faisalabad
f122,f8,122,8,f,Rasgullay,Rs. 375,https://images.deliveryhero.io/image/fd-pk/Products/6068405.jpg?width=200,Faisalabad
f123,f9,123,9,f,Chill Out Deal  1,Rs. 999,https://images.deliveryhero.io/image/fd-pk/Products/7172738.jpg?width=200,Faisalabad
f124,f9,124,9,f,Chill Out Deal  2,Rs. 666,https://images.deliveryhero.io/image/fd-pk/Products/7172739.jpg?width=200,Faisalabad
f125,f9,125,9,f,Potato Wedges,Rs. 399,https://images.deliveryhero.io/image/fd-pk/Products/1511370.jpg?width=200,Faisalabad
f126,f9,126,9,f,Choco Bread,Rs. 399,https://images.deliveryhero.io/image/fd-pk/Products/955107.JPG?width=200,Faisalabad
f127,f9,127,9,f,Pepsi,from Rs. 89,https://images.deliveryhero.io/image/fd-pk/Products/956285.jpg?width=200,Faisalabad
f128,f9,128,9,f,Chill Out Deal  1,Rs. 999,https://images.deliveryhero.io/image/fd-pk/Products/7172738.jpg?width=200,Faisalabad
f129,f9,129,9,f,Chill Out Deal  2,Rs. 666,https://images.deliveryhero.io/image/fd-pk/Products/7172739.jpg?width=200,Faisalabad
f130,f9,130,9,f,Chill Out Deal  3,Rs. 899,https://images.deliveryhero.io/image/fd-pk/Products/7172737.jpg?width=200,Faisalabad
f131,f9,131,9,f,One & Only,Rs. 599,https://images.deliveryhero.io/image/fd-pk/Products/540463.jpg?width=200,Faisalabad
f132,f9,132,9,f,The Hungry One,Rs. 899,https://images.deliveryhero.io/image/fd-pk/Products/1511372.jpg?width=200,Faisalabad
f133,f9,133,9,f,The Showstopper,"from Rs. 1,699",https://images.deliveryhero.io/image/fd-pk/Products/540465.jpg?width=200,Faisalabad
f134,f9,134,9,f,Too Good for Two,"Rs. 1,399",https://images.deliveryhero.io/image/fd-pk/Products/540464.jpg?width=200,Faisalabad
f135,f9,135,9,f,Fix for Four,"from Rs. 2,399",https://images.deliveryhero.io/image/fd-pk/Products/540466.jpg?width=200,Faisalabad
f136,f9,136,9,f,Fix for Six,"from Rs. 2,999",https://images.deliveryhero.io/image/fd-pk/Products/540467.jpg?width=200,Faisalabad
f137,f9,137,9,f,Pan,"from Rs. 1,299",https://images.deliveryhero.io/image/fd-pk/Products/955115.jpg?width=200,Faisalabad
f138,f9,138,9,f,Hand Tossed,from Rs. 499,https://images.deliveryhero.io/image/fd-pk/Products/955116.jpg?width=200,Faisalabad
f139,f9,139,9,f,Italian Thin,"from Rs. 1,299",https://images.deliveryhero.io/image/fd-pk/Products/955117.JPG?width=200,Faisalabad
f140,f9,140,9,f,Crunchy Thin,"from Rs. 1,299",https://images.deliveryhero.io/image/fd-pk/Products/955118.jpg?width=200,Faisalabad
f141,f9,141,9,f,Double Melt Crust,"from Rs. 1,799",https://images.deliveryhero.io/image/fd-pk/Products/4109614.jpg?width=200,Faisalabad
f142,f9,142,9,f,Cheesy Bread,Rs. 499,https://images.deliveryhero.io/image/fd-pk/pos-import-images/vendorCode-yki0/product/540452.jpg?width=200,Faisalabad
f143,f9,143,9,f,Bread Sticks,Rs. 399,https://images.deliveryhero.io/image/fd-pk/Products/540453.JPG?width=200,Faisalabad
f144,f9,144,9,f,Potato Wedges,Rs. 399,https://images.deliveryhero.io/image/fd-pk/Products/1511370.jpg?width=200,Faisalabad
f145,f9,145,9,f,Cheesy Garlic Bread Sticks,Rs. 499,https://images.deliveryhero.io/image/fd-pk/Products/4930764.jpg?width=200,Faisalabad
f146,f9,146,9,f,Garlic Bread Sticks,Rs. 399,https://images.deliveryhero.io/image/fd-pk/Products/4930765.jpg?width=200,Faisalabad
f147,f9,147,9,f,BBQ Sauce,Rs. 89,https://images.deliveryhero.io/image/fd-pk/Products/23879.jpg?width=200,Faisalabad
f148,f9,148,9,f,Ranch Sauce,Rs. 89,https://images.deliveryhero.io/image/fd-pk/Products/23880.jpg?width=200,Faisalabad
f149,f9,149,9,f,Marinara Sauce,Rs. 89,https://images.deliveryhero.io/image/fd-pk/Products/776941.jpg?width=200,Faisalabad
f150,f9,150,9,f,Hot Sauce,Rs. 89,https://images.deliveryhero.io/image/fd-pk/Products/776942.jpg?width=200,Faisalabad
f151,f9,151,9,f,Peri Peri Sauce,Rs. 89,https://images.deliveryhero.io/image/fd-pk/Products/2324154.jpg?width=200,Faisalabad
f152,f9,152,9,f,Garlic Mayo Sauce,Rs. 89,https://images.deliveryhero.io/image/fd-pk/Products/6522225.jpg?width=200,Faisalabad
f153,f9,153,9,f,Choco Bread,Rs. 399,https://images.deliveryhero.io/image/fd-pk/Products/955107.JPG?width=200,Faisalabad
f154,f9,154,9,f,Cinna Stix,Rs. 399,https://images.deliveryhero.io/image/fd-pk/Products/956284.JPG?width=200,Faisalabad
f155,f9,155,9,f,Pepsi,from Rs. 89,https://images.deliveryhero.io/image/fd-pk/Products/956285.jpg?width=200,Faisalabad
f156,f9,156,9,f,7-up,from Rs. 89,https://images.deliveryhero.io/image/fd-pk/Products/956286.jpg?width=200,Faisalabad
f157,f9,157,9,f,Mirinda,from Rs. 89,https://images.deliveryhero.io/image/fd-pk/Products/956287.jpg?width=200,Faisalabad
f158,f9,158,9,f,Mountain Dew,from Rs. 89,https://images.deliveryhero.io/image/fd-pk/Products/956288.jpg?width=200,Faisalabad
f159,f9,159,9,f,Aquafina,from Rs. 69,https://images.deliveryhero.io/image/fd-pk/Products/956289.jpg?width=200,Faisalabad
f160,f12,160,12,f,Exclusive Deal 1,"Rs. 1,000",https://images.deliveryhero.io/image/fd-pk/Products/5653308.jpg?width=200,Faisalabad
f161,f12,161,12,f,Combo Deal 2,Rs. 659,https://images.deliveryhero.io/image/fd-pk/Products/5640944.jpg?width=200,Faisalabad
f162,f12,162,12,f,Chicken Tikka Pizza,from Rs. 399,https://images.deliveryhero.io/image/fd-pk/Products/5640266.jpg?width=200,Faisalabad
f163,f12,163,12,f,Crispy Chicken Wings,Rs. 390,https://images.deliveryhero.io/image/fd-pk/Products/5641022.jpg?width=200,Faisalabad
f164,f12,164,12,f,Exclusive Deal 1,"Rs. 1,000",https://images.deliveryhero.io/image/fd-pk/Products/5653308.jpg?width=200,Faisalabad
f165,f12,165,12,f,Family Feast Deal 2,"from Rs. 1,590",https://images.deliveryhero.io/image/fd-pk/Products/5640857.jpg?width=200,Faisalabad
f166,f12,166,12,f,Family Feast Deal 3,"Rs. 1,699",https://images.deliveryhero.io/image/fd-pk/Products/5640892.jpg?width=200,Faisalabad
f167,f12,167,12,f,Family Feast Deal 4,"Rs. 1,999",https://images.deliveryhero.io/image/fd-pk/Products/5640895.jpg?width=200,Faisalabad
f168,f12,168,12,f,Pizza Party Deal,"Rs. 1,799",https://images.deliveryhero.io/image/fd-pk/Products/5640902.jpg?width=200,Faisalabad
f169,f12,169,12,f,Combo Deal 2,Rs. 659,https://images.deliveryhero.io/image/fd-pk/Products/5640944.jpg?width=200,Faisalabad
f170,f12,170,12,f,Combo Deal 3,"Rs. 1,099",https://images.deliveryhero.io/image/fd-pk/Products/5640946.jpg?width=200,Faisalabad
f171,f12,171,12,f,Combo Deal 4,Rs. 560,https://images.deliveryhero.io/image/fd-pk/Products/5640955.jpg?width=200,Faisalabad
f172,f12,172,12,f,Combo Deal 5,Rs. 410,https://images.deliveryhero.io/image/fd-pk/Products/5640967.jpg?width=200,Faisalabad
f173,f12,173,12,f,Combo Deal 6,Rs. 899,https://images.deliveryhero.io/image/fd-pk/Products/5640982.jpg?width=200,Faisalabad
f174,f12,174,12,f,Combo Deal 7,Rs. 899,https://images.deliveryhero.io/image/fd-pk/Products/5640989.jpg?width=200,Faisalabad
f175,f12,175,12,f,Combo Deal 8,"Rs. 1,290",https://images.deliveryhero.io/image/fd-pk/Products/5640992.jpg?width=200,Faisalabad
f176,f12,176,12,f,Frizzle Zinger Burger,from Rs. 280,https://images.deliveryhero.io/image/fd-pk/Products/5640853.jpg?width=200,Faisalabad
f177,f12,177,12,f,Frizzle Stacker Double Zinger Burger,from Rs. 420,https://images.deliveryhero.io/image/fd-pk/Products/5640859.jpg?width=200,Faisalabad
f178,f12,178,12,f,Crispy & Crunchy Burger,from Rs. 210,https://images.deliveryhero.io/image/fd-pk/Products/5640873.jpg?width=200,Faisalabad
f179,f12,179,12,f,Belmont Beef Burger,from Rs. 390,https://images.deliveryhero.io/image/fd-pk/Products/5640877.jpg?width=200,Faisalabad
f180,f12,180,12,f,Belmont Stacker Double Beef Burger,from Rs. 490,https://images.deliveryhero.io/image/fd-pk/Products/5640880.jpg?width=200,Faisalabad
f181,f12,181,12,f,Kingfisher Fish Fillet Burger,from Rs. 350,https://images.deliveryhero.io/image/fd-pk/Products/5640883.jpg?width=200,Faisalabad
f182,f12,182,12,f,Chicken Grilled Butterfly Burger,from Rs. 320,https://images.deliveryhero.io/image/fd-pk/Products/5640888.jpg?width=200,Faisalabad
f183,f12,183,12,f,Veggie & Cheese Burger,from Rs. 280,https://images.deliveryhero.io/image/fd-pk/Products/5640889.jpg?width=200,Faisalabad
f184,f12,184,12,f,Marben Chapli Burger,from Rs. 280,https://images.deliveryhero.io/image/fd-pk/Products/5640890.jpg?width=200,Faisalabad
f185,f12,185,12,f,Finger Fish,Rs. 450,https://images.deliveryhero.io/image/fd-pk/Products/5640815.jpg?width=200,Faisalabad
f186,f12,186,12,f,Chicken Tikka Pizza,from Rs. 399,https://images.deliveryhero.io/image/fd-pk/Products/5640266.jpg?width=200,Faisalabad
f187,f12,187,12,f,Fajita Pizza,from Rs. 399,https://images.deliveryhero.io/image/fd-pk/Products/5640292.jpg?width=200,Faisalabad
f188,f12,188,12,f,Fajita Sicilian Pizza,from Rs. 399,https://images.deliveryhero.io/image/fd-pk/Products/5640293.jpg?width=200,Faisalabad
f189,f12,189,12,f,Mughalai Tikka Pizza,from Rs. 399,https://images.deliveryhero.io/image/fd-pk/Products/5640294.jpg?width=200,Faisalabad
f190,f12,190,12,f,Veggie Lover Pizza,from Rs. 399,https://images.deliveryhero.io/image/fd-pk/Products/5640295.jpg?width=200,Faisalabad
f191,f12,191,12,f,BBQ Lavia Pizza,from Rs. 449,https://images.deliveryhero.io/image/fd-pk/Products/5640296.jpg?width=200,Faisalabad
f192,f12,192,12,f,Lavia Hawaiian Pizza,from Rs. 449,https://images.deliveryhero.io/image/fd-pk/Products/5640319.jpg?width=200,Faisalabad
f193,f12,193,12,f,Miami Lavia Pizza,from Rs. 449,https://images.deliveryhero.io/image/fd-pk/Products/5640320.jpg?width=200,Faisalabad
f194,f12,194,12,f,Pepperoni Pizza,from Rs. 449,https://images.deliveryhero.io/image/fd-pk/Products/5640321.jpg?width=200,Faisalabad
f195,f12,195,12,f,Euro Lavia Pizza,from Rs. 449,https://images.deliveryhero.io/image/fd-pk/Products/5640322.jpg?width=200,Faisalabad
f196,f12,196,12,f,Hot & Spicy Pizza,from Rs. 449,https://images.deliveryhero.io/image/fd-pk/Products/5640323.jpg?width=200,Faisalabad
f197,f12,197,12,f,Supreme Pizza,from Rs. 449,https://images.deliveryhero.io/image/fd-pk/Products/5640324.jpg?width=200,Faisalabad
f198,f12,198,12,f,Margarita Pizza,from Rs. 499,https://images.deliveryhero.io/image/fd-pk/Products/5640326.jpg?width=200,Faisalabad
f199,f12,199,12,f,Special Lavia Pizza,from Rs. 499,https://images.deliveryhero.io/image/fd-pk/Products/5640328.jpg?width=200,Faisalabad
f200,f12,200,12,f,Special Pizza Fries,Rs. 390,https://images.deliveryhero.io/image/fd-pk/Products/5640801.jpg?width=200,Faisalabad
f201,f12,201,12,f,Crispy Chicken Wings,Rs. 390,https://images.deliveryhero.io/image/fd-pk/Products/5641022.jpg?width=200,Faisalabad
f202,f12,202,12,f,Garlic Bread,Rs. 160,https://images.deliveryhero.io/image/fd-pk/Products/5640810.jpg?width=200,Faisalabad
f203,f12,203,12,f,Soft Drink,from Rs. 90,https://images.deliveryhero.io/image/fd-pk/Products/5640878.jpg?width=200,Faisalabad
f204,f12,204,12,f,Mineral Water,Rs. 90,https://images.deliveryhero.io/image/fd-pk/Products/5641000.jpg?width=200,Faisalabad
f205,f13,205,13,f,Favorite Combo 1,Rs. 640,https://images.deliveryhero.io/image/fd-pk/Products/6529819.jpg?width=200,Faisalabad
f206,f13,206,13,f,Chicken Karahi,from Rs. 400,https://images.deliveryhero.io/image/fd-pk/Products/6302349.jpg?width=200,Faisalabad
f207,f13,207,13,f,Chicken Jalfrezi,Rs. 375,https://images.deliveryhero.io/image/fd-pk/Products/6302359.jpg?width=200,Faisalabad
f208,f14,208,14,f,Mixed Biscuits,Rs. 550,https://images.deliveryhero.io/image/fd-pk/Products/6760070.jpg?width=200,Faisalabad
f209,f14,209,14,f,Cake Rusk,Rs. 550,https://images.deliveryhero.io/image/fd-pk/Products/6760176.jpg?width=200,Faisalabad
f210,f14,210,14,f,Mixed Biscuits,Rs. 550,https://images.deliveryhero.io/image/fd-pk/Products/6760070.jpg?width=200,Faisalabad
f211,f14,211,14,f,Sada Biscuits,Rs. 550,https://images.deliveryhero.io/image/fd-pk/Products/6760071.jpg?width=200,Faisalabad
f212,f14,212,14,f,Coconut Biscuits,Rs. 600,https://images.deliveryhero.io/image/fd-pk/Products/6760072.jpg?width=200,Faisalabad
f213,f14,213,14,f,Badam Biscuits,Rs. 550,https://images.deliveryhero.io/image/fd-pk/Products/6760073.jpg?width=200,Faisalabad
f214,f14,214,14,f,Khatai Biscuits,Rs. 550,https://images.deliveryhero.io/image/fd-pk/Products/6760074.jpg?width=200,Faisalabad
f215,f14,215,14,f,Cake Rusk,Rs. 550,https://images.deliveryhero.io/image/fd-pk/Products/6760176.jpg?width=200,Faisalabad
f216,f14,216,14,f,Tie Bakarkhani,Rs. 550,https://images.deliveryhero.io/image/fd-pk/Products/6760178.jpg?width=200,Faisalabad
f217,f15,217,15,f,Chicken Supreme Pizza,from Rs. 347,https://images.deliveryhero.io/image/fd-pk/Products/6257204.jpg?width=200,Faisalabad
f218,f15,218,15,f,American Club Sandwich,Rs. 522,https://images.deliveryhero.io/image/fd-pk/Products/6258144.jpg?width=200,Faisalabad
f219,f15,219,15,f,Grilled Sandwich,Rs. 638,https://images.deliveryhero.io/image/fd-pk/Products/6258146.jpg?width=200,Faisalabad
f220,f15,220,15,f,Alfredo Cheese Pasta,Rs. 870,https://images.deliveryhero.io/image/fd-pk/Products/6257131.jpg?width=200,Faisalabad
f221,f15,221,15,f,Kit Kat Shake,Rs. 313,https://images.deliveryhero.io/image/fd-pk/Products/6257870.jpg?width=200,Faisalabad
f222,f15,222,15,f,Chicken Strips,Rs. 580,https://images.deliveryhero.io/image/fd-pk/Products/6257901.jpg?width=200,Faisalabad
f223,f15,223,15,f,Chicken Tikka Pizza,from Rs. 347,https://images.deliveryhero.io/image/fd-pk/Products/6257146.jpg?width=200,Faisalabad
f224,f15,224,15,f,Chicken Fajita Pizza,from Rs. 347,https://images.deliveryhero.io/image/fd-pk/Products/6257203.jpg?width=200,Faisalabad
f225,f15,225,15,f,Chicken Supreme Pizza,from Rs. 347,https://images.deliveryhero.io/image/fd-pk/Products/6257204.jpg?width=200,Faisalabad
f226,f15,226,15,f,Cheese Lover Pizza,from Rs. 347,https://images.deliveryhero.io/image/fd-pk/Products/6257205.jpg?width=200,Faisalabad
f227,f15,227,15,f,Hot & Spicy Pizza,from Rs. 347,https://images.deliveryhero.io/image/fd-pk/Products/6257206.jpg?width=200,Faisalabad
f228,f15,228,15,f,Veggie Lover Pizza,from Rs. 347,https://images.deliveryhero.io/image/fd-pk/Products/6257207.jpg?width=200,Faisalabad
f229,f15,229,15,f,Black Manchurian,Rs. 812,https://images.deliveryhero.io/image/fd-pk/Products/6257316.jpg?width=200,Faisalabad
f230,f15,230,15,f,Chicken Shashlik,Rs. 812,https://images.deliveryhero.io/image/fd-pk/Products/6257439.jpg?width=200,Faisalabad
f231,f15,231,15,f,Chicken Mongolian,Rs. 812,https://images.deliveryhero.io/image/fd-pk/Products/6257440.jpg?width=200,Faisalabad
f232,f15,232,15,f,Chicken Cashew Nuts,Rs. 928,https://images.deliveryhero.io/image/fd-pk/Products/6257441.jpg?width=200,Faisalabad
f233,f15,233,15,f,American Club Sandwich,Rs. 522,https://images.deliveryhero.io/image/fd-pk/Products/6258144.jpg?width=200,Faisalabad
f234,f15,234,15,f,Steak Sandwich,Rs. 638,https://images.deliveryhero.io/image/fd-pk/Products/6258145.jpg?width=200,Faisalabad
f235,f15,235,15,f,Grilled Sandwich,Rs. 638,https://images.deliveryhero.io/image/fd-pk/Products/6258146.jpg?width=200,Faisalabad
f236,f15,236,15,f,Pizza Burger,Rs. 580,https://images.deliveryhero.io/image/fd-pk/Products/6257980.jpg?width=200,Faisalabad
f237,f15,237,15,f,Tower Burger,Rs. 580,https://images.deliveryhero.io/image/fd-pk/Products/6258147.jpg?width=200,Faisalabad
f238,f15,238,15,f,Grilled Smoked Burger,Rs. 580,https://images.deliveryhero.io/image/fd-pk/Products/6258148.jpg?width=200,Faisalabad
f239,f15,239,15,f,Alfredo Cheese Pasta,Rs. 870,https://images.deliveryhero.io/image/fd-pk/Products/6257131.jpg?width=200,Faisalabad
f240,f15,240,15,f,Spicy Fettuccine Pasta,Rs. 870,https://images.deliveryhero.io/image/fd-pk/Products/6257136.jpg?width=200,Faisalabad
f241,f15,241,15,f,Al Forno Pasta,Rs. 870,https://images.deliveryhero.io/image/fd-pk/Products/6257137.jpg?width=200,Faisalabad
f242,f15,242,15,f,Chocolate Brownie,Rs. 232,https://images.deliveryhero.io/image/fd-pk/Products/6257660.jpg?width=200,Faisalabad
f243,f15,243,15,f,Cake Slice,Rs. 232,https://images.deliveryhero.io/image/fd-pk/Products/6257663.jpg?width=200,Faisalabad
f244,f15,244,15,f,Caesar Salad,Rs. 580,https://images.deliveryhero.io/image/fd-pk/Products/6257751.jpg?width=200,Faisalabad
f245,f15,245,15,f,Waldorf Salad,Rs. 522,https://images.deliveryhero.io/image/fd-pk/Products/6257754.jpg?width=200,Faisalabad
f246,f15,246,15,f,Russian Salad,Rs. 406,https://images.deliveryhero.io/image/fd-pk/Products/6257755.jpg?width=200,Faisalabad
f247,f15,247,15,f,Mashed Potato,Rs. 140,https://images.deliveryhero.io/image/fd-pk/Products/6258157.jpg?width=200,Faisalabad
f248,f15,248,15,f,Baked Potato,Rs. 140,https://images.deliveryhero.io/image/fd-pk/Products/6258158.jpg?width=200,Faisalabad
f249,f15,249,15,f,French Fries,Rs. 209,https://images.deliveryhero.io/image/fd-pk/Products/6258159.jpg?width=200,Faisalabad
f250,f15,250,15,f,Masala Fries,Rs. 290,https://images.deliveryhero.io/image/fd-pk/Products/6258160.jpg?width=200,Faisalabad
f251,f15,251,15,f,BBQ Fries,Rs. 290,https://images.deliveryhero.io/image/fd-pk/Products/6258161.jpg?width=200,Faisalabad
f252,f15,252,15,f,Garlic Mayo Fries,Rs. 290,https://images.deliveryhero.io/image/fd-pk/Products/6258162.jpg?width=200,Faisalabad
f253,f15,253,15,f,Chocolate Mochaccino,Rs. 349,https://images.deliveryhero.io/image/fd-pk/Products/6257725.jpg?width=200,Faisalabad
f254,f15,254,15,f,Cappuccino,Rs. 383,https://images.deliveryhero.io/image/fd-pk/Products/6257727.jpg?width=200,Faisalabad
f255,f15,255,15,f,Latte,Rs. 383,https://images.deliveryhero.io/image/fd-pk/Products/6257728.jpg?width=200,Faisalabad
f256,f15,256,15,f,Americano,Rs. 220,https://images.deliveryhero.io/image/fd-pk/Products/6257729.jpg?width=200,Faisalabad
f257,f15,257,15,f,Green Tea,Rs. 139,https://images.deliveryhero.io/image/fd-pk/Products/6257731.jpg?width=200,Faisalabad
f258,f15,258,15,f,Turkish Apple tea,Rs. 218,https://images.deliveryhero.io/image/fd-pk/Products/6257732.jpg?width=200,Faisalabad
f259,f15,259,15,f,Pakistani Doodh Patti,Rs. 232,https://images.deliveryhero.io/image/fd-pk/Products/6257733.jpg?width=200,Faisalabad
f260,f15,260,15,f,Kit Kat Shake,Rs. 313,https://images.deliveryhero.io/image/fd-pk/Products/6257870.jpg?width=200,Faisalabad
f261,f15,261,15,f,Oreo Shake,Rs. 313,https://images.deliveryhero.io/image/fd-pk/Products/6257872.jpg?width=200,Faisalabad
f262,f15,262,15,f,Strawberry Smoothie,Rs. 330,https://images.deliveryhero.io/image/fd-pk/Products/6257875.jpg?width=200,Faisalabad
f263,f15,263,15,f,Pina Colada,Rs. 336,https://images.deliveryhero.io/image/fd-pk/Products/6257823.jpg?width=200,Faisalabad
f264,f15,264,15,f,Lemonade,Rs. 290,https://images.deliveryhero.io/image/fd-pk/Products/6257824.jpg?width=200,Faisalabad
f265,f15,265,15,f,Mint Margarita,Rs. 290,https://images.deliveryhero.io/image/fd-pk/Products/6257830.jpg?width=200,Faisalabad
f266,f15,266,15,f,Ginger Margarita,Rs. 290,https://images.deliveryhero.io/image/fd-pk/Products/6257831.jpg?width=200,Faisalabad
f267,f15,267,15,f,Peach Chiller,Rs. 325,https://images.deliveryhero.io/image/fd-pk/Products/6257833.jpg?width=200,Faisalabad
f268,f16,268,16,f,Bakarkhani,Rs. 180,https://images.deliveryhero.io/image/fd-pk/Products/4660607.jpg?width=200,Faisalabad
f269,f16,269,16,f,Burger Rusk,Rs. 120,https://images.deliveryhero.io/image/fd-pk/Products/4660608.jpg?width=200,Faisalabad
f270,f16,270,16,f,Cake Rusk,from Rs. 170,https://images.deliveryhero.io/image/fd-pk/Products/4661625.jpg?width=200,Faisalabad
f271,f16,271,16,f,Fudge Brownie Square,Rs. 250,https://images.deliveryhero.io/image/fd-pk/Products/4659289.jpg?width=200,Faisalabad
f272,f16,272,16,f,Fudge Brownie Slice,Rs. 300,https://images.deliveryhero.io/image/fd-pk/Products/4659290.jpg?width=200,Faisalabad
f273,f16,273,16,f,Mini Cake,Rs. 500,https://images.deliveryhero.io/image/fd-pk/Products/4658896.jpg?width=200,Faisalabad
f274,f16,274,16,f,Brownie with Vanilla,Rs. 300,https://images.deliveryhero.io/image/fd-pk/Products/4926039.jpg?width=200,Faisalabad
f275,f16,275,16,f,Diet Rusk,Rs. 120,https://images.deliveryhero.io/image/fd-pk/Products/4660215.jpg?width=200,Faisalabad
f276,f16,276,16,f,Peanut Rusk,Rs. 130,https://images.deliveryhero.io/image/fd-pk/Products/4660221.jpg?width=200,Faisalabad
f277,f16,277,16,f,Bakarkhani,Rs. 180,https://images.deliveryhero.io/image/fd-pk/Products/4660607.jpg?width=200,Faisalabad
f278,f16,278,16,f,Burger Rusk,Rs. 120,https://images.deliveryhero.io/image/fd-pk/Products/4660608.jpg?width=200,Faisalabad
f279,f16,279,16,f,Biscuits,from Rs. 170,https://images.deliveryhero.io/image/fd-pk/Products/4660609.jpg?width=200,Faisalabad
f280,f16,280,16,f,Cake Rusk,from Rs. 170,https://images.deliveryhero.io/image/fd-pk/Products/4661625.jpg?width=200,Faisalabad
f281,f16,281,16,f,Kit Kat Brownie,Rs. 320,https://images.deliveryhero.io/image/fd-pk/Products/4925982.jpg?width=200,Faisalabad
f282,f16,282,16,f,Choclate Chip Brownie,Rs. 200,https://images.deliveryhero.io/image/fd-pk/Products/4926036.jpg?width=200,Faisalabad
f283,f16,283,16,f,Fudge Brownie Square,Rs. 250,https://images.deliveryhero.io/image/fd-pk/Products/4659289.jpg?width=200,Faisalabad
f284,f16,284,16,f,Fudge Brownie Slice,Rs. 300,https://images.deliveryhero.io/image/fd-pk/Products/4659290.jpg?width=200,Faisalabad
f285,f16,285,16,f,Chocolate Chip Brownie,Rs. 180,https://images.deliveryhero.io/image/fd-pk/Products/4659984.jpg?width=200,Faisalabad
f286,f16,286,16,f,Nutella Brownie,Rs. 320,https://images.deliveryhero.io/image/fd-pk/Products/4986420.jpg?width=200,Faisalabad
f287,f16,287,16,f,Cadbury Brownie,Rs. 320,https://images.deliveryhero.io/image/fd-pk/Products/4986423.jpg?width=200,Faisalabad
f288,f16,288,16,f,Mini Cake,Rs. 500,https://images.deliveryhero.io/image/fd-pk/Products/4658896.jpg?width=200,Faisalabad
f289,f16,289,16,f,Chocolate Cake,"from Rs. 1,000",https://images.deliveryhero.io/image/fd-pk/Products/4658936.jpg?width=200,Faisalabad
f290,f16,290,16,f,Chocolate Cake Slice,Rs. 310,https://images.deliveryhero.io/image/fd-pk/Products/4659294.jpg?width=200,Faisalabad
f291,f16,291,16,f,Caramel Cake Slice,Rs. 310,https://images.deliveryhero.io/image/fd-pk/Products/6522777.jpg?width=200,Faisalabad
f292,f16,292,16,f,Red Velvet Cake Slice,Rs. 310,https://images.deliveryhero.io/image/fd-pk/Products/6522778.jpg?width=200,Faisalabad
f293,f16,293,16,f,Cheesecake Slice,Rs. 400,https://images.deliveryhero.io/image/fd-pk/Products/6522780.jpg?width=200,Faisalabad
f294,f16,294,16,f,Chocolate Cupcake,Rs. 200,https://images.deliveryhero.io/image/fd-pk/Products/6522834.jpg?width=200,Faisalabad
f295,f16,295,16,f,Caramel Cupcake,Rs. 200,https://images.deliveryhero.io/image/fd-pk/Products/6522838.jpg?width=200,Faisalabad
f296,f16,296,16,f,Vanilla Ice Cream,from Rs. 70,https://images.deliveryhero.io/image/fd-pk/Products/4528537.jpg?width=200,Faisalabad
f297,f16,297,16,f,Chocolate Ice Cream,from Rs. 70,https://images.deliveryhero.io/image/fd-pk/Products/4530413.jpg?width=200,Faisalabad
f298,f16,298,16,f,Lemon Margarita,Rs. 180,https://images.deliveryhero.io/image/fd-pk/Products/4530474.jpg?width=200,Faisalabad
f299,f16,299,16,f,Ice Cream Shake Vanilla & Chocolate,Rs. 250,https://images.deliveryhero.io/image/fd-pk/Products/4530527.jpg?width=200,Faisalabad
f300,f16,300,16,f,Vanilla Espresso,Rs. 270,https://images.deliveryhero.io/image/fd-pk/Products/4530603.jpg?width=200,Faisalabad
f301,f16,301,16,f,Cardamom Tea,Rs. 150,https://images.deliveryhero.io/image/fd-pk/Product/4530671.jpg?width=200,Faisalabad
f302,f16,302,16,f,Black Tea,Rs. 120,https://images.deliveryhero.io/image/fd-pk/Products/4530673.jpg?width=200,Faisalabad
f303,f16,303,16,f,Fresh Mango Shake,Rs. 280,https://images.deliveryhero.io/image/fd-pk/Products/4712031.jpg?width=200,Faisalabad
f304,f16,304,16,f,Fresh Banana Shake,Rs. 280,https://images.deliveryhero.io/image/fd-pk/Products/4712032.jpg?width=200,Faisalabad
f305,f16,305,16,f,Fresh Strawberry Shake,Rs. 280,https://images.deliveryhero.io/image/fd-pk/Products/4712030.jpg?width=200,Faisalabad
f306,f17,306,17,f,Favorite Deal 1,Rs. 250,https://images.deliveryhero.io/image/fd-pk/Products/7019856.jpg?width=200,Faisalabad
f307,f17,307,17,f,Family Festival Deal 1,Rs. 895,https://images.deliveryhero.io/image/fd-pk/Products/6781653.jpg?width=200,Faisalabad
f308,f17,308,17,f,Family Festival Deal 2,Rs. 975,https://images.deliveryhero.io/image/fd-pk/Products/6781655.jpg?width=200,Faisalabad
f309,f17,309,17,f,Family Festival Deal 3,"Rs. 1,095",https://images.deliveryhero.io/image/fd-pk/Products/6781656.jpg?width=200,Faisalabad
f310,f17,310,17,f,Hot Deal 1,Rs. 250,https://images.deliveryhero.io/image/fd-pk/Products/6781665.jpg?width=200,Faisalabad
f311,f17,311,17,f,Hot Deal 2,Rs. 350,https://images.deliveryhero.io/image/fd-pk/Products/6781666.jpg?width=200,Faisalabad
f312,f17,312,17,f,Grilled Breast Burger,Rs. 270,https://images.deliveryhero.io/image/fd-pk/Products/5732284.jpg?width=200,Faisalabad
f313,f17,313,17,f,Cheese & Mushroom Burger,Rs. 250,https://images.deliveryhero.io/image/fd-pk/Products/5732281.jpg?width=200,Faisalabad
f314,f17,314,17,f,Stuffed Breast Burger,Rs. 350,https://images.deliveryhero.io/image/fd-pk/Products/5732280.jpg?width=200,Faisalabad
f315,f17,315,17,f,BBQ Burger,Rs. 270,https://images.deliveryhero.io/image/fd-pk/Products/5732283.jpg?width=200,Faisalabad
f316,f17,316,17,f,Zinger Burger,Rs. 270,https://images.deliveryhero.io/image/fd-pk/Products/6781642.jpg?width=200,Faisalabad
f317,f17,317,17,f,Cock N Bull Special Burger,Rs. 350,https://images.deliveryhero.io/image/fd-pk/Products/6781644.jpg?width=200,Faisalabad
f318,f17,318,17,f,Chicken Shawarma,Rs. 180,https://images.deliveryhero.io/image/fd-pk/Products/5732257.jpg?width=200,Faisalabad
f319,f17,319,17,f,Chicken Cheese Shawarma,Rs. 260,https://images.deliveryhero.io/image/fd-pk/Products/5732255.jpg?width=200,Faisalabad
f320,f17,320,17,f,Chicken Platter Shawarma,Rs. 370,https://images.deliveryhero.io/image/fd-pk/Products/5732259.jpg?width=200,Faisalabad
f321,f17,321,17,f,Chicken Cheese Platter Shawarma,Rs. 450,https://images.deliveryhero.io/image/fd-pk/Products/5732256.jpg?width=200,Faisalabad
f322,f17,322,17,f,Zinger Shawarma,Rs. 240,https://images.deliveryhero.io/image/fd-pk/Products/5732258.jpg?width=200,Faisalabad
f323,f17,323,17,f,Malghoom Paratha Roll,Rs. 200,https://images.deliveryhero.io/image/fd-pk/Products/5732272.jpg?width=200,Faisalabad
f324,f17,324,17,f,Malghoom Cheese Paratha Roll,Rs. 250,https://images.deliveryhero.io/image/fd-pk/Products/5732271.jpg?width=200,Faisalabad
f325,f17,325,17,f,Chicken Hot Shots,Rs. 300,https://images.deliveryhero.io/image/fd-pk/Products/5732305.jpg?width=200,Faisalabad
f326,f17,326,17,f,Stuffed Chicken,Rs. 450,https://images.deliveryhero.io/image/fd-pk/Products/5732474.jpg?width=200,Faisalabad
f327,f17,327,17,f,Chicken Wings,Rs. 150,https://images.deliveryhero.io/image/fd-pk/Products/5732473.jpg?width=200,Faisalabad
f328,f17,328,17,f,French Fries,Rs. 200,https://images.deliveryhero.io/image/fd-pk/Products/5732307.jpg?width=200,Faisalabad
f329,f17,329,17,f,Mayo Fries,Rs. 250,https://images.deliveryhero.io/image/fd-pk/Products/5732304.jpg?width=200,Faisalabad
f330,f17,330,17,f,Cheese Fries,Rs. 200,https://images.deliveryhero.io/image/fd-pk/Products/5732306.jpg?width=200,Faisalabad
f331,f17,331,17,f,Extra Bread,Rs. 40,https://images.deliveryhero.io/image/fd-pk/Products/5736049.jpg?width=200,Faisalabad
f332,f17,332,17,f,White Sauce,Rs. 50,https://images.deliveryhero.io/image/fd-pk/Products/5736113.jpg?width=200,Faisalabad
f333,f17,333,17,f,Cheese,Rs. 80,https://images.deliveryhero.io/image/fd-pk/Products/5736122.jpg?width=200,Faisalabad
f334,f18,334,18,f,Zabardast Deal 3,Rs. 100,https://images.deliveryhero.io/image/fd-pk/Products/4559104.jpg?width=200,Faisalabad
f335,f18,335,18,f,Zabardast Deal 2,Rs. 160,https://images.deliveryhero.io/image/fd-pk/Products/4559105.jpg?width=200,Faisalabad
f336,f18,336,18,f,Zabardast Deal 4,Rs. 100,https://images.deliveryhero.io/image/fd-pk/Products/4559106.jpg?width=200,Faisalabad
f337,f18,337,18,f,Zabardast Deal 1,Rs. 100,https://images.deliveryhero.io/image/fd-pk/Products/4559107.jpg?width=200,Faisalabad
f338,f18,338,18,f,Full Plate Anda Chanay 2 Naan And Salad   انڈہ چنے دو نان اور سلاد,Rs. 150,https://images.deliveryhero.io/image/fd-pk/Products/3716050.jpg?width=200,Faisalabad
f339,f18,339,18,f,Chanay,Rs. 100,https://images.deliveryhero.io/image/fd-pk/Products/3582463.jpg?width=200,Faisalabad
f340,f18,340,18,f,Favorite Combo 1,Rs. 194.65Rs. 229,https://images.deliveryhero.io/image/fd-pk/Products/6878650.jpg?width=200,Faisalabad
f341,f18,341,18,f,Create Your Own Combo,from Rs. 0,https://images.deliveryhero.io/image/fd-pk/Products/5355289.jpg?width=200,Faisalabad
f342,f18,342,18,f,Zabardast Deal 3,Rs. 100,https://images.deliveryhero.io/image/fd-pk/Products/4559104.jpg?width=200,Faisalabad
f343,f18,343,18,f,Zabardast Deal 2,Rs. 160,https://images.deliveryhero.io/image/fd-pk/Products/4559105.jpg?width=200,Faisalabad
f344,f18,344,18,f,Zabardast Deal 4,Rs. 100,https://images.deliveryhero.io/image/fd-pk/Products/4559106.jpg?width=200,Faisalabad
f345,f18,345,18,f,Zabardast Deal 1,Rs. 100,https://images.deliveryhero.io/image/fd-pk/Products/4559107.jpg?width=200,Faisalabad
f346,f18,346,18,f,2 Puri Chanay Achar Halwa,Rs. 100,https://images.deliveryhero.io/image/fd-pk/Products/5781404.jpg?width=200,Faisalabad
f347,f18,347,18,f,2 Puri Chanay Achar Halwa,Rs. 100,https://images.deliveryhero.io/image/fd-pk/Products/5781396.jpg?width=200,Faisalabad
f348,f18,348,18,f,Chanay Haleem Mix 2 Naan And Salad   چنے حلیم مکس دو نان اور سلاد ,Rs. 130,https://images.deliveryhero.io/image/fd-pk/Products/3716023.jpg?width=200,Faisalabad
f349,f18,349,18,f,Full Plate Anda Chanay 2 Naan And Salad   انڈہ چنے دو نان اور سلاد,Rs. 150,https://images.deliveryhero.io/image/fd-pk/Products/3716050.jpg?width=200,Faisalabad
f350,f18,350,18,f,Pori Nashta And One Cup Tea,Rs. 150,https://images.deliveryhero.io/image/fd-pk/Products/4971280.jpg?width=200,Faisalabad
f351,f18,351,18,f,Full Plate Chanay 2 Naan And Salad,Rs. 130,https://images.deliveryhero.io/image/fd-pk/Products/4971285.jpg?width=200,Faisalabad
f352,f18,352,18,f,Pori Nashta And One Glass Dahi Ki Lassi,Rs. 200,https://images.deliveryhero.io/image/fd-pk/Products/4971291.jpg?width=200,Faisalabad
f353,f18,353,18,f,Full Plate Haleem 2 Naan And Salad,Rs. 130,https://images.deliveryhero.io/image/fd-pk/Products/4971294.jpg?width=200,Faisalabad
f354,f18,354,18,f,Aloo Murga With Two Roti آلو مرغا شوربے والا ساتھ دو روٹیاں,Rs. 150,https://images.deliveryhero.io/image/fd-pk/Products/4971298.jpg?width=200,Faisalabad
f355,f18,355,18,f,2 Puri Chanay Achar Halwa,Rs. 100,https://images.deliveryhero.io/image/fd-pk/Products/6105337.jpg?width=200,Faisalabad
f356,f18,356,18,f,Chanay,Rs. 100,https://images.deliveryhero.io/image/fd-pk/Products/3582463.jpg?width=200,Faisalabad
f357,f18,357,18,f,Haleem,Rs. 100,https://images.deliveryhero.io/image/fd-pk/Products/3582464.jpg?width=200,Faisalabad
f358,f18,358,18,f,Sabzi سبزی,Rs. 100,https://images.deliveryhero.io/image/fd-pk/Products/3583659.jpg?width=200,Faisalabad
f359,f18,359,18,f,Murgh Chanay  مرغ چنے,Rs. 170,https://images.deliveryhero.io/image/fd-pk/Products/3747491.jpg?width=200,Faisalabad
f360,f18,360,18,f,Green Raita  رائتہ,Rs. 30,https://images.deliveryhero.io/image/fd-pk/Products/3783652.jpg?width=200,Faisalabad
f361,f18,361,18,f,Dahi Ki Lasi,Rs. 120,https://images.deliveryhero.io/image/fd-pk/Products/3801896.jpg?width=200,Faisalabad
f362,f18,362,18,f,1 Pao Halwa,Rs. 100,https://images.deliveryhero.io/image/fd-pk/Products/4557992.jpg?width=200,Faisalabad
f363,f18,363,18,f,Sada Paratha,Rs. 50,https://images.deliveryhero.io/image/fd-pk/Products/5511180.jpg?width=200,Faisalabad
f364,f18,364,18,f,Egg Omelette,Rs. 50,https://images.deliveryhero.io/image/fd-pk/Products/5505382.jpg?width=200,Faisalabad
f365,f18,365,18,f,Aloo Wala Paratha,Rs. 80,https://images.deliveryhero.io/image/fd-pk/Products/5505383.jpg?width=200,Faisalabad
f366,f18,366,18,f,Aloo Wala Paratha,Rs. 80,https://images.deliveryhero.io/image/fd-pk/Products/5530374.jpg?width=200,Faisalabad
f367,f18,367,18,f,Aloo Anda Special Paratha,Rs. 110,https://images.deliveryhero.io/image/fd-pk/Products/6105339.jpg?width=200,Faisalabad
f368,f18,368,18,f,Anda Paratha,Rs. 80,https://images.deliveryhero.io/image/fd-pk/Products/6105340.jpg?width=200,Faisalabad
f369,f18,369,18,f,Boiled Anda   ابلا انڈہ,Rs. 30,https://images.deliveryhero.io/image/fd-pk/Products/3582426.jpg?width=200,Faisalabad
f370,f18,370,18,f,Sada Naan  سادہ نان,Rs. 20,https://images.deliveryhero.io/image/fd-pk/Products/3582427.jpg?width=200,Faisalabad
f371,f18,371,18,f,Roghni Naan  روغنی نان,Rs. 40,https://images.deliveryhero.io/image/fd-pk/Products/3582428.jpg?width=200,Faisalabad
f372,f18,372,18,f,Sada Roti  سادہ روٹی,Rs. 12,https://images.deliveryhero.io/image/fd-pk/Products/3582430.jpg?width=200,Faisalabad
f373,f18,373,18,f,Cheeni Wali Chai  چینی والی چائے,Rs. 50,https://images.deliveryhero.io/image/fd-pk/Products/3582467.jpg?width=200,Faisalabad
f374,f18,374,18,f,Shakkar Wali Chai  شکر والی چائے,Rs. 70,https://images.deliveryhero.io/image/fd-pk/Products/3582468.jpg?width=200,Faisalabad
f375,f23,375,23,f,Hot Wings,from Rs. 157.50Rs. 225,https://images.deliveryhero.io/image/fd-pk/Products/6836526.jpg?width=200,Faisalabad
f376,f23,376,23,f,Nuggets,from Rs. 192.50Rs. 275,https://images.deliveryhero.io/image/fd-pk/Products/6836731.jpg?width=200,Faisalabad
f377,f23,377,23,f,Chicken Piece,from Rs. 105Rs. 150,https://images.deliveryhero.io/image/fd-pk/Products/6837006.jpg?width=200,Faisalabad
f378,f24,378,24,f,Chicken Biryani,Rs. 170,https://images.deliveryhero.io/image/fd-pk/Products/5109391.jpg?width=200,Faisalabad
f379,f24,379,24,f,Special Raita,Rs. 30,https://images.deliveryhero.io/image/fd-pk/Products/5109399.jpg?width=200,Faisalabad
f380,f25,380,25,f,Alfredo Pasta,from Rs. 250,https://images.deliveryhero.io/image/fd-pk/Products/5269765.jpg?width=200,Faisalabad
f381,f25,381,25,f,Zinger Burger,from Rs. 170,https://images.deliveryhero.io/image/fd-pk/Products/4181818.jpg?width=200,Faisalabad
f382,f25,382,25,f,Peppery Zinger Burger,from Rs. 190,https://images.deliveryhero.io/image/fd-pk/Products/4181819.jpg?width=200,Faisalabad
f383,f25,383,25,f,Pizza Burger,from Rs. 200,https://images.deliveryhero.io/image/fd-pk/Products/4181825.jpg?width=200,Faisalabad
f384,f25,384,25,f,Peppery Pizza Burger,from Rs. 250,https://images.deliveryhero.io/image/fd-pk/Products/4181826.jpg?width=200,Faisalabad
f385,f25,385,25,f,Wings ,from Rs. 150,https://images.deliveryhero.io/image/fd-pk/Products/4181947.jpg?width=200,Faisalabad
f386,f25,386,25,f,Alfredo Pasta,from Rs. 250,https://images.deliveryhero.io/image/fd-pk/Products/5269765.jpg?width=200,Faisalabad
f387,f25,387,25,f,Chicken Fajita Pizza,from Rs. 250,https://images.deliveryhero.io/image/fd-pk/Products/4181435.jpg?width=200,Faisalabad
f388,f25,388,25,f,Chicken Tikka Pizza,from Rs. 250,https://images.deliveryhero.io/image/fd-pk/Products/4181545.jpg?width=200,Faisalabad
f389,f25,389,25,f,Bihari Kabab Pizza,from Rs. 650,https://images.deliveryhero.io/image/fd-pk/Products/4181549.jpg?width=200,Faisalabad
f390,f25,390,25,f,The Euro Pizza,from Rs. 650,https://images.deliveryhero.io/image/fd-pk/Products/4181557.jpg?width=200,Faisalabad
f391,f25,391,25,f,Malai Boti Pizza,from Rs. 650,https://images.deliveryhero.io/image/fd-pk/Products/4181581.jpg?width=200,Faisalabad
f392,f25,392,25,f,Kabab Stuffer Pizza,from Rs. 700,https://images.deliveryhero.io/image/fd-pk/Products/6203812.jpg?width=200,Faisalabad
f393,f25,393,25,f,Cheese Lover,from Rs. 250,https://images.deliveryhero.io/image/fd-pk/Products/6203813.jpg?width=200,Faisalabad
f394,f25,394,25,f,Vegi Lover Pizza,from Rs. 250,https://images.deliveryhero.io/image/fd-pk/Products/6203814.jpg?width=200,Faisalabad
f395,f25,395,25,f,Patty Burger,from Rs. 130,https://images.deliveryhero.io/image/fd-pk/Products/4181821.jpg?width=200,Faisalabad
f396,f25,396,25,f,Zinger Burger,from Rs. 170,https://images.deliveryhero.io/image/fd-pk/Products/4181818.jpg?width=200,Faisalabad
f397,f25,397,25,f,Peppery Zinger Burger,from Rs. 190,https://images.deliveryhero.io/image/fd-pk/Products/4181819.jpg?width=200,Faisalabad
f398,f25,398,25,f,Pizza Burger,from Rs. 200,https://images.deliveryhero.io/image/fd-pk/Products/4181825.jpg?width=200,Faisalabad
f399,f25,399,25,f,Peppery Pizza Burger,from Rs. 250,https://images.deliveryhero.io/image/fd-pk/Products/4181826.jpg?width=200,Faisalabad
f400,f25,400,25,f,Grill Burger,from Rs. 220,https://images.deliveryhero.io/image/fd-pk/Products/4181835.jpg?width=200,Faisalabad
f401,f25,401,25,f,Peppery Grilled Burger,from Rs. 250,https://images.deliveryhero.io/image/fd-pk/Products/4181837.jpg?width=200,Faisalabad
f402,f25,402,25,f,Peppery Sandwich,Rs. 300,https://images.deliveryhero.io/image/fd-pk/Products/4182041.jpg?width=200,Faisalabad
f403,f25,403,25,f,Monster Pizza Burger,Rs. 320,https://images.deliveryhero.io/image/fd-pk/Products/6203548.jpg?width=200,Faisalabad
f404,f25,404,25,f,Monster Zinger Burger,Rs. 270,https://images.deliveryhero.io/image/fd-pk/Products/6203815.jpg?width=200,Faisalabad
f405,f25,405,25,f,Chicken Shawarma,Rs. 100,https://images.deliveryhero.io/image/fd-pk/Products/4181953.jpg?width=200,Faisalabad
f406,f25,406,25,f,Peppery Shawarma,Rs. 110,https://images.deliveryhero.io/image/fd-pk/Products/4181969.jpg?width=200,Faisalabad
f407,f25,407,25,f,Zetoon Shawarma,Rs. 110,https://images.deliveryhero.io/image/fd-pk/Products/4181970.jpg?width=200,Faisalabad
f408,f25,408,25,f,Zinger Shawarma,Rs. 120,https://images.deliveryhero.io/image/fd-pk/Products/4181974.jpg?width=200,Faisalabad
f409,f25,409,25,f,Shawarma Plater,Rs. 240,https://images.deliveryhero.io/image/fd-pk/Products/4181976.jpg?width=200,Faisalabad
f410,f25,410,25,f,Spin Roll,Rs. 200,https://images.deliveryhero.io/image/fd-pk/Products/5269749.jpg?width=200,Faisalabad
f411,f25,411,25,f,Kabab Shawarma,Rs. 120,https://images.deliveryhero.io/image/fd-pk/Products/6203551.jpg?width=200,Faisalabad
f412,f25,412,25,f,Plan Fries,from Rs. 100,https://images.deliveryhero.io/image/fd-pk/Products/4181862.jpg?width=200,Faisalabad
f413,f25,413,25,f,BBQ Fries,from Rs. 150,https://images.deliveryhero.io/image/fd-pk/Products/4181873.jpg?width=200,Faisalabad
f414,f25,414,25,f,Garlic Mayo Fries,from Rs. 150,https://images.deliveryhero.io/image/fd-pk/Products/4181896.jpg?width=200,Faisalabad
f415,f25,415,25,f,Peppery Fries,from Rs. 150,https://images.deliveryhero.io/image/fd-pk/Products/4181902.jpg?width=200,Faisalabad
f416,f25,416,25,f,Pizza Fries,from Rs. 250,https://images.deliveryhero.io/image/fd-pk/Products/4181929.jpg?width=200,Faisalabad
f417,f25,417,25,f,Nuggets,from Rs. 150,https://images.deliveryhero.io/image/fd-pk/Products/4181931.jpg?width=200,Faisalabad
f418,f25,418,25,f,Wings ,from Rs. 150,https://images.deliveryhero.io/image/fd-pk/Products/4181947.jpg?width=200,Faisalabad
f419,f26,419,26,f,Deal 4,Rs. 530,https://images.deliveryhero.io/image/fd-pk/Products/6217028.jpg?width=200,Faisalabad
f420,f26,420,26,f,Deal 3 ,Rs. 740,https://images.deliveryhero.io/image/fd-pk/Products/6217035.jpg?width=200,Faisalabad
f421,f26,421,26,f,Deal 2,Rs. 680,https://images.deliveryhero.io/image/fd-pk/Products/6217031.jpg?width=200,Faisalabad
f422,f26,422,26,f,Deal 1,Rs. 530,https://images.deliveryhero.io/image/fd-pk/Products/6217036.jpg?width=200,Faisalabad
f423,f26,423,26,f,Zinger Burger,from Rs. 170,https://images.deliveryhero.io/image/fd-pk/Products/6217027.jpg?width=200,Faisalabad
f424,f26,424,26,f,Steak Burger,from Rs. 200,https://images.deliveryhero.io/image/fd-pk/Products/6217037.jpg?width=200,Faisalabad
f425,f26,425,26,f,Bohra Burger,Rs. 220,https://images.deliveryhero.io/image/fd-pk/Products/6217038.jpg?width=200,Faisalabad
f426,f26,426,26,f,Chicken Shawarma,Rs. 100,https://images.deliveryhero.io/image/fd-pk/Products/6217033.jpg?width=200,Faisalabad
f427,f26,427,26,f,Zinger Shawarma,Rs. 120,https://images.deliveryhero.io/image/fd-pk/Products/6217034.jpg?width=200,Faisalabad
f428,f26,428,26,f,Fries,Rs. 120,https://images.deliveryhero.io/image/fd-pk/Products/6217030.jpg?width=200,Faisalabad
f429,f26,429,26,f,Hot Wings,Rs. 190,https://images.deliveryhero.io/image/fd-pk/Products/6217032.jpg?width=200,Faisalabad
f430,f27,430,27,f,God Father Special Pizza,from Rs. 560Rs. 800,https://images.deliveryhero.io/image/fd-pk/Products/6724289.jpg?width=200,Faisalabad
f431,f27,431,27,f,Fried Fillet Burger,from Rs. 224Rs. 320,https://images.deliveryhero.io/image/fd-pk/Products/4917413.jpg?width=200,Faisalabad
f432,f27,432,27,f,Furious Zinger Burger,from Rs. 210Rs. 300,https://images.deliveryhero.io/image/fd-pk/Products/4917414.jpg?width=200,Faisalabad
f433,f27,433,27,f,Big Boss Burger,from Rs. 294Rs. 420,https://images.deliveryhero.io/image/fd-pk/Products/6723691.jpg?width=200,Faisalabad
f434,f27,434,27,f,Plain Fries,Rs. 140Rs. 200,https://images.deliveryhero.io/image/fd-pk/Products/4379240.jpg?width=200,Faisalabad
f435,f27,435,27,f,Mayo Fries,Rs. 154Rs. 220,https://images.deliveryhero.io/image/fd-pk/Products/4379242.jpg?width=200,Faisalabad
f436,f27,436,27,f,Stuffed Chicken,from Rs. 490Rs. 700,https://images.deliveryhero.io/image/fd-pk/Products/4917419.jpg?width=200,Faisalabad
f437,f27,437,27,f,God Father Special Pizza,from Rs. 560Rs. 800,https://images.deliveryhero.io/image/fd-pk/Products/6724289.jpg?width=200,Faisalabad
f438,f27,438,27,f,Fajita Sicilian Pizza,from Rs. 490Rs. 700,https://images.deliveryhero.io/image/fd-pk/Products/6724292.jpg?width=200,Faisalabad
f439,f27,439,27,f,Mughlai Buster Pizza,from Rs. 560Rs. 800,https://images.deliveryhero.io/image/fd-pk/Products/6724293.jpg?width=200,Faisalabad
f440,f27,440,27,f,Rector BBQ Pizza,from Rs. 525Rs. 750,https://images.deliveryhero.io/image/fd-pk/Products/6724294.jpg?width=200,Faisalabad
f441,f27,441,27,f,Double Melt Mobster Pizza,from Rs. 595Rs. 850,https://images.deliveryhero.io/image/fd-pk/Products/6724295.jpg?width=200,Faisalabad
f442,f27,442,27,f,Royal Crust Pizza,from Rs. 560Rs. 800,https://images.deliveryhero.io/image/fd-pk/Products/6724297.jpg?width=200,Faisalabad
f443,f27,443,27,f,Criminal Fajita Pizza,from Rs. 231Rs. 330,https://images.deliveryhero.io/image/fd-pk/Products/4379237.jpg?width=200,Faisalabad
f444,f27,444,27,f,Crook Tikka Pizza,from Rs. 231Rs. 330,https://images.deliveryhero.io/image/fd-pk/Products/6724537.jpg?width=200,Faisalabad
f445,f27,445,27,f,Gun Man Supreme Pizza,from Rs. 245Rs. 350,https://images.deliveryhero.io/image/fd-pk/Products/6724538.jpg?width=200,Faisalabad
f446,f27,446,27,f,Dynamite Steak,Rs. 559.30Rs. 799,https://images.deliveryhero.io/image/fd-pk/Products/4917418.jpg?width=200,Faisalabad
f447,f27,447,27,f,Special Chicken Steak,Rs. 595Rs. 850,https://images.deliveryhero.io/image/fd-pk/Products/4917420.jpg?width=200,Faisalabad
f448,f27,448,27,f,Whity Mighty Chicken Steak,Rs. 525Rs. 750,https://images.deliveryhero.io/image/fd-pk/Products/6723631.jpg?width=200,Faisalabad
f449,f27,449,27,f,Peri Peri Chicken Steak,Rs. 525Rs. 750,https://images.deliveryhero.io/image/fd-pk/Products/6723632.jpg?width=200,Faisalabad
f450,f27,450,27,f,Fried Fillet Burger,from Rs. 224Rs. 320,https://images.deliveryhero.io/image/fd-pk/Products/4917413.jpg?width=200,Faisalabad
f451,f27,451,27,f,Furious Zinger Burger,from Rs. 210Rs. 300,https://images.deliveryhero.io/image/fd-pk/Products/4917414.jpg?width=200,Faisalabad
f452,f27,452,27,f,Big Boss Burger,from Rs. 294Rs. 420,https://images.deliveryhero.io/image/fd-pk/Products/6723691.jpg?width=200,Faisalabad
f453,f27,453,27,f,Royal Chicken Burger,from Rs. 273Rs. 390,https://images.deliveryhero.io/image/fd-pk/Products/6723821.jpg?width=200,Faisalabad
f454,f27,454,27,f,Salsa Chicken Burger,from Rs. 252Rs. 360,https://images.deliveryhero.io/image/fd-pk/Products/6723822.jpg?width=200,Faisalabad
f455,f27,455,27,f,Justice Chicken Burger,from Rs. 294Rs. 420,https://images.deliveryhero.io/image/fd-pk/Products/6723823.jpg?width=200,Faisalabad
f456,f27,456,27,f,Jumbo Justice Chicken Burger,from Rs. 364Rs. 520,https://images.deliveryhero.io/image/fd-pk/Products/6723824.jpg?width=200,Faisalabad
f457,f27,457,27,f,Creamy Jalapeno Chicken Burger,from Rs. 279.30Rs. 399,https://images.deliveryhero.io/image/fd-pk/Products/6723825.jpg?width=200,Faisalabad
f458,f27,458,27,f,Jumbo Creamy Jalapeno Chicken Burger,from Rs. 350Rs. 500,https://images.deliveryhero.io/image/fd-pk/Products/6723851.jpg?width=200,Faisalabad
f459,f27,459,27,f,God Father Special Chicken Burger,from Rs. 336Rs. 480,https://images.deliveryhero.io/image/fd-pk/Products/6723800.jpg?width=200,Faisalabad
f460,f27,460,27,f,Plain Fries,Rs. 140Rs. 200,https://images.deliveryhero.io/image/fd-pk/Products/4379240.jpg?width=200,Faisalabad
f461,f27,461,27,f,Masala Fries,Rs. 147Rs. 210,https://images.deliveryhero.io/image/fd-pk/Products/4379241.jpg?width=200,Faisalabad
f462,f27,462,27,f,Mayo Fries,Rs. 154Rs. 220,https://images.deliveryhero.io/image/fd-pk/Products/4379242.jpg?width=200,Faisalabad
f463,f27,463,27,f,BBQ Fries,Rs. 168Rs. 240,https://images.deliveryhero.io/image/fd-pk/Products/4379243.jpg?width=200,Faisalabad
f464,f27,464,27,f,Special Fries,Rs. 189Rs. 270,https://images.deliveryhero.io/image/fd-pk/Products/4379244.jpg?width=200,Faisalabad
f465,f27,465,27,f,Soft Drink,from Rs. 60,https://images.deliveryhero.io/image/fd-pk/Products/6723733.jpg?width=200,Faisalabad
f466,f27,466,27,f,Mineral Water,from Rs. 50,https://images.deliveryhero.io/image/fd-pk/Products/6723734.jpg?width=200,Faisalabad
f467,f27,467,27,f,Mint Margarita,Rs. 150,https://images.deliveryhero.io/image/fd-pk/Products/6723735.jpg?width=200,Faisalabad
f468,f27,468,27,f,Fresh Lime,Rs. 100,https://images.deliveryhero.io/image/fd-pk/Products/6723740.jpg?width=200,Faisalabad
f469,f28,469,28,f,Quarter Broast,Rs. 399,https://images.deliveryhero.io/image/fd-pk/Products/6475547.jpg?width=200,Faisalabad
f470,f28,470,28,f,Half Broast,Rs. 699,https://images.deliveryhero.io/image/fd-pk/Products/6475548.jpg?width=200,Faisalabad
f471,f28,471,28,f,Full Broast,"Rs. 1,299",https://images.deliveryhero.io/image/fd-pk/Products/6475549.jpg?width=200,Faisalabad
f472,f28,472,28,f,Patty Burger,Rs. 159,https://images.deliveryhero.io/image/fd-pk/Products/6475697.jpg?width=200,Faisalabad
f473,f28,473,28,f,Spicy & Crispy Burger,Rs. 220,https://images.deliveryhero.io/image/fd-pk/Products/6475700.jpg?width=200,Faisalabad
f474,f28,474,28,f,Crunchy Roll,Rs. 180,https://images.deliveryhero.io/image/fd-pk/Products/6475783.jpg?width=200,Faisalabad
f475,f28,475,28,f,Quarter Broast,Rs. 399,https://images.deliveryhero.io/image/fd-pk/Products/6475547.jpg?width=200,Faisalabad
f476,f28,476,28,f,Half Broast,Rs. 699,https://images.deliveryhero.io/image/fd-pk/Products/6475548.jpg?width=200,Faisalabad
f477,f28,477,28,f,Full Broast,"Rs. 1,299",https://images.deliveryhero.io/image/fd-pk/Products/6475549.jpg?width=200,Faisalabad
f478,f28,478,28,f,Family Broast,"Rs. 2,499",https://images.deliveryhero.io/image/fd-pk/Products/6475550.jpg?width=200,Faisalabad
f479,f28,479,28,f,Patty Burger,Rs. 159,https://images.deliveryhero.io/image/fd-pk/Products/6475697.jpg?width=200,Faisalabad
f480,f28,480,28,f,Spicy & Crispy Burger,Rs. 220,https://images.deliveryhero.io/image/fd-pk/Products/6475700.jpg?width=200,Faisalabad
f481,f28,481,28,f,Crispy King Burger,Rs. 320,https://images.deliveryhero.io/image/fd-pk/Products/6475701.jpg?width=200,Faisalabad
f482,f28,482,28,f,BBQ Burger,Rs. 349,https://images.deliveryhero.io/image/fd-pk/Products/6475702.jpg?width=200,Faisalabad
f483,f28,483,28,f,Tender Burger,Rs. 379,https://images.deliveryhero.io/image/fd-pk/Products/6475703.jpg?width=200,Faisalabad
f484,f28,484,28,f,My Steak Burger,Rs. 399,https://images.deliveryhero.io/image/fd-pk/Products/6475704.jpg?width=200,Faisalabad
f485,f28,485,28,f,Biggy Burger,Rs. 499,https://images.deliveryhero.io/image/fd-pk/Products/6475705.jpg?width=200,Faisalabad
f486,f28,486,28,f,Hot Garlic Chicken with Rice,Rs. 399,https://images.deliveryhero.io/image/fd-pk/Products/6475766.jpg?width=200,Faisalabad
f487,f28,487,28,f,Kung Pao Chicken with Rice,Rs. 399,https://images.deliveryhero.io/image/fd-pk/Products/6475768.jpg?width=200,Faisalabad
f488,f28,488,28,f,Cashew Nut Chicken with Rice,Rs. 399,https://images.deliveryhero.io/image/fd-pk/Products/6475769.jpg?width=200,Faisalabad
f489,f28,489,28,f,Sweet & Sour Chicken with Rice,Rs. 399,https://images.deliveryhero.io/image/fd-pk/Products/6475770.jpg?width=200,Faisalabad
f490,f28,490,28,f,Crunchy Roll,Rs. 180,https://images.deliveryhero.io/image/fd-pk/Products/6475783.jpg?width=200,Faisalabad
f491,f28,491,28,f,Hot & Spicy Roll,Rs. 180,https://images.deliveryhero.io/image/fd-pk/Products/6475801.jpg?width=200,Faisalabad
f492,f28,492,28,f,BBQ Roll,Rs. 180,https://images.deliveryhero.io/image/fd-pk/Products/6475802.jpg?width=200,Faisalabad
f493,f28,493,28,f,Grilled BBQ Roll,Rs. 230,https://images.deliveryhero.io/image/fd-pk/Products/6475803.jpg?width=200,Faisalabad
f494,f28,494,28,f,Loaded Fries,Rs. 299,https://images.deliveryhero.io/image/fd-pk/Products/6475850.jpg?width=200,Faisalabad
f495,f28,495,28,f,Special Fries,Rs. 149,https://images.deliveryhero.io/image/fd-pk/Products/6475852.jpg?width=200,Faisalabad
f496,f28,496,28,f,BBQ Fries,Rs. 129,https://images.deliveryhero.io/image/fd-pk/Products/6475853.jpg?width=200,Faisalabad
f497,f28,497,28,f,Mayonnaise Fries,Rs. 129,https://images.deliveryhero.io/image/fd-pk/Products/6475854.jpg?width=200,Faisalabad
f498,f28,498,28,f,Jalapeno Fries,Rs. 129,https://images.deliveryhero.io/image/fd-pk/Products/6475855.jpg?width=200,Faisalabad
f499,f28,499,28,f,Masala Fries,Rs. 99,https://images.deliveryhero.io/image/fd-pk/Products/6475856.jpg?width=200,Faisalabad
f500,f28,500,28,f,Original Fries,Rs. 99,https://images.deliveryhero.io/image/fd-pk/Products/6475857.jpg?width=200,Faisalabad
f501,f28,501,28,f,Chicken Nuggets,from Rs. 199,https://images.deliveryhero.io/image/fd-pk/Products/6475845.jpg?width=200,Faisalabad
f502,f28,502,28,f,Chicken Wings,from Rs. 199,https://images.deliveryhero.io/image/fd-pk/Products/6475846.jpg?width=200,Faisalabad
f503,f28,503,28,f,Mint Margarita,Rs. 120,https://images.deliveryhero.io/image/fd-pk/Products/6475900.jpg?width=200,Faisalabad
f504,f28,504,28,f,Soft Drink,from Rs. 80,https://images.deliveryhero.io/image/fd-pk/Products/6475908.jpg?width=200,Faisalabad
f505,f28,505,28,f,Mineral Water,Rs. 40,https://images.deliveryhero.io/image/fd-pk/Products/6475909.jpg?width=200,Faisalabad
