reviewID,restaurantID,reviewNumber,linkNumber,cityCode,reviewBy,reviewRating,reviewAt,reviewDescription,city
k2176,k0,2176,0,k,Sabaha,5/5 Stars,03-09-21,Testy & Quickly Prepare,Karachi
k2177,k3,2177,3,k,Noor,4/5 Stars,20-07-21,Cheese Zara thi fajita sicilian me or chicken kam tha taste average tha bs baki packaging and timeline  were good,Karachi
k2178,k3,2178,3,k,Komal,1/5 Stars,22-05-21,"SPOILER WARNING! do not waste your money! This was the worst thing I have eaten in my whole life! I can't call it a Pizza. I ordered cheesy pizza and it was just bread and low quality cheeze on it. No sauses no meat, no other topping, nothing. I wasted my money on them.",Karachi
k2179,k3,2179,3,k,sony,5/5 Stars,13-05-21,"bht achi service hai inki 
or pizza b bht testy",Karachi
k2180,k3,2180,3,k,Noor,5/5 Stars,06-05-21,I ordered white pasta and pizza fries..both were delicious..packaging Is not so good but taste is acceptable and good...,Karachi
k2181,k5,2181,5,k,Tasawar,5/5 Stars,01-09-21,Yes,Karachi
k2182,k5,2182,5,k,Hina,2/5 Stars,23-08-21,"Biryani is so bad,soo much oily and spicy,rice are not well cooked",Karachi
k2183,k5,2183,5,k,Hamza,1/5 Stars,21-08-21,Worst food,Karachi
k2184,k7,2184,7,k,Shariq,5/5 Stars,03-09-21,It was good experience with all time,Karachi
k2185,k7,2185,7,k,Saima,1/5 Stars,25-08-21,Too much oily and sugar is only in center,Karachi
k2186,k7,2186,7,k,hira,2/5 Stars,23-08-21,"The order did not come as per expectation, a dish of onion and chillies were having only onions no quality food at all and also not pocket friendly in 170 rs we only ate pyaz. Totally disappointing",Karachi
k2187,k7,2187,7,k,Raheel,2/5 Stars,22-08-21,Quality is good but quantity is lesser than before,Karachi
k2188,k7,2188,7,k,Farhan,5/5 Stars,22-08-21,"Very delicious, quantity was also good.",Karachi
k2189,k7,2189,7,k,Syed,3/5 Stars,14-08-21,Ÿæÿ±ÿßŸπ⁄æÿß ÿ≥ÿÆÿ™ €ÅŸà ÿ±€Åÿß ÿ™⁄æÿß€î ÿßŸÜ⁄àÿß Ÿæÿ±ÿßŸπ⁄æÿß ŸÖ€å⁄∫ ÿßŸÜ⁄àÿß ⁄©ŸÖ ÿ™⁄æÿß€î,Karachi
k2190,k7,2190,7,k,abiha,5/5 Stars,13-08-21,Verynice,Karachi
k2191,k7,2191,7,k,Abiha,4/5 Stars,12-08-21,Aloo paratha nd kabab tikki is good but lachedaar paratha is hard,Karachi
k2192,k7,2192,7,k,Talha,5/5 Stars,12-08-21,"Yummiest breakfast I've ever had via foodpanda. Delicious, hygienic and fresh.  Ordered aalo kabab, aalo bhujya and parathas. May Allah give more te barkat in your business aamen.",Karachi
k2193,k7,2193,7,k,Tehniat,5/5 Stars,08-08-21,Food is delicious but cook more,Karachi
k2194,k7,2194,7,k,amirNJ,5/5 Stars,29-07-21,Best,Karachi
k2195,k7,2195,7,k,Muhammad,5/5 Stars,26-07-21,"Me pichle saal agra gaya tha india, agra taj mehal k back side per 1 food street thi, wahan 1 dhaba style hotel tha Anarkali hotel. Wahan jo tea pea thi us ka jo tast tha wo me kabhi nahi bhola, lekin aaj aap ki tea pee ker mujhe woh bhi bhol gayi, jaado he sach me jaado. 50 rupee me agra ki tea se bhi behter, bhai apko international Laval per apni tea sall kerni chahiye. Maza aagaya. Thanks.",Karachi
k2196,k7,2196,7,k,Nisa,2/5 Stars,22-07-21,Packaging was so poor,Karachi
k2197,k7,2197,7,k,Shazz,3/5 Stars,18-07-21,Taste was good but salt bht ziada tha,Karachi
k2198,k7,2198,7,k,Faisal,1/5 Stars,17-07-21,Not what it says.. very average paratha,Karachi
k2199,k7,2199,7,k,amirNJ,5/5 Stars,13-07-21,Awesome,Karachi
k2200,k7,2200,7,k,Syed,1/5 Stars,11-07-21,"Aalo paratha wasn't have enough filling,
Piaz mirch salan was too bad and different from photo",Karachi
k2201,k7,2201,7,k,Imran,2/5 Stars,09-07-21,Alu itnay sakt sahi pakay nahi plz zara time laga Len laikin food quality plz dekhain pait main dard hgya kha kar,Karachi
k2202,k7,2202,7,k,Faisal,4/5 Stars,09-07-21,Was delivered late,Karachi
k2203,k7,2203,7,k,Noman,5/5 Stars,07-07-21,Nice,Karachi
k2204,k7,2204,7,k,arbish,5/5 Stars,02-07-21,best,Karachi
k2205,k7,2205,7,k,Jamal,5/5 Stars,01-07-21,excellent food,Karachi
k2206,k7,2206,7,k,Amir,5/5 Stars,27-06-21,Quantity of tea is very less,Karachi
k2207,k7,2207,7,k,Hafsa,1/5 Stars,26-06-21,Mircho ka salan ....ewwwwwüò∂,Karachi
k2208,k7,2208,7,k,Maha,5/5 Stars,25-06-21,"Taste üëç
Quality and quantity üíØ
But prices are high üëé",Karachi
k2209,k7,2209,7,k,Shazil,5/5 Stars,09-06-21,Mashallah bot outclass tha,Karachi
k2210,k7,2210,7,k,kamran,5/5 Stars,08-06-21,Amazing food. üëç jazakillah,Karachi
k2211,k7,2211,7,k,Syeda,3/5 Stars,07-06-21,Parhathy ma stuff normal tha aur kabab ma sy egg ki smell arahi thee kafi,Karachi
k2212,k7,2212,7,k,Kamran,4/5 Stars,07-06-21,Parathay thore kache thay,Karachi
k2213,k7,2213,7,k,AbdulRahman,5/5 Stars,03-06-21,Excellent,Karachi
k2214,k7,2214,7,k,AbdulRahman,5/5 Stars,02-06-21,Excellent,Karachi
k2215,k7,2215,7,k,Kamran,5/5 Stars,31-05-21,Green chilli omlate halka tha,Karachi
k2216,k7,2216,7,k,AbdulRahman,5/5 Stars,28-05-21,It was good,Karachi
k2217,k7,2217,7,k,AbdulRahman,5/5 Stars,27-05-21,It was good,Karachi
k2218,k7,2218,7,k,Moon,3/5 Stars,23-05-21,"Parathas were very good
Also bhujya was OK
Tea was very pathetic",Karachi
k2219,k7,2219,7,k,Ahsan,4/5 Stars,22-05-21,Better to give also para tha with chai deals,Karachi
k2220,k7,2220,7,k,zahid,2/5 Stars,18-05-21,üòîüòî,Karachi
k2221,k7,2221,7,k,Shahmeer,1/5 Stars,12-05-21,The food is good but rider is tu batamiz plz rider change karien otherwise I will case you,Karachi
k2222,k7,2222,7,k,MuhammadAli,1/5 Stars,11-05-21,Total worst food and tea,Karachi
k2223,k7,2223,7,k,Ahmed,5/5 Stars,05-05-21,JAZAKALLAH for yummy and hygienic food n many prayers for you n food panda as well,Karachi
k2224,k7,2224,7,k,Naina,3/5 Stars,02-05-21,I ordered aloo paratha but there was only turmeric in the name of spices,Karachi
k2225,k11,2225,11,k,Asma,5/5 Stars,11-09-21,Good üëç,Karachi
k2226,k11,2226,11,k,Millie,1/5 Stars,06-09-21,Very late delivery so disappointed,Karachi
k2227,k11,2227,11,k,Amin,1/5 Stars,30-08-21,Bakwas bryani tasteless 3rd class quality,Karachi
k2228,k13,2228,13,k,Alvina,5/5 Stars,22-06-21,Good packaging and rolls owsam,Karachi
k2229,k13,2229,13,k,MuhammadAli,5/5 Stars,18-06-21,Owsum,Karachi
k2230,k13,2230,13,k,Iblal,5/5 Stars,18-06-21,Extremely amazing food highly recommended,Karachi
k2231,k13,2231,13,k,Isma,2/5 Stars,16-06-21,Aloo samosa had no taste.,Karachi
k2232,k13,2232,13,k,Saaim,3/5 Stars,14-06-21,"Bhai agar discount dia huwa hi hai to drinks to thandi de do, boiled pepsi peene ka shauq nahi hai jaani",Karachi
k2233,k13,2233,13,k,Murtaza,5/5 Stars,27-05-21,Outstanding food ..,Karachi
k2234,k13,2234,13,k,Kanwal,2/5 Stars,21-05-21,"I ordered nuggets and chicken wontons from this place. Wontons were so flat and the filling was also so less. Taste was not  good. I wasted my money! 'But nuggets were tasty and good. 
Please improve the quality of wontons.",Karachi
k2235,k13,2235,13,k,Noman,4/5 Stars,08-05-21,Last time jb order kiya the tou qeema samosa ki jaga aloo samosa mila tha ab sahi receive,Karachi
k2236,k13,2236,13,k,Sumaira,1/5 Stars,04-05-21,Chesse wonton order kia hy piyaz bhar Kar day di na chesse tha na chicken tha taste  less than,Karachi
k2237,k13,2237,13,k,Iqra,3/5 Stars,02-05-21,Quantity of chicken and cheese is very least,Karachi
k2238,k13,2238,13,k,MuhammadAli,4/5 Stars,02-05-21,I guess storage temperature should be change..because nuggest were bit smelly,Karachi
k2239,k13,2239,13,k,Humza,3/5 Stars,30-04-21,I ordered chicken samosa and what i got was veg samosa,Karachi
k2240,k13,2240,13,k,Ambreen,1/5 Stars,30-04-21,Taste was so bad,Karachi
k2241,k13,2241,13,k,Ali,5/5 Stars,28-04-21,Best.recommended,Karachi
k2242,k13,2242,13,k,Murtaza,5/5 Stars,27-04-21,Highly recommended,Karachi
k2243,k13,2243,13,k,Muhammad,5/5 Stars,26-04-21,Ache samose the,Karachi
k2244,k13,2244,13,k,Sara,3/5 Stars,24-04-21,"Ordered one bite samosa. It was good. Will order again , hopefully",Karachi
k2245,k13,2245,13,k,Muhammad,5/5 Stars,23-04-21,Aloo samosa was very tasty likin ap half dozen samosas ka bhi option nikale,Karachi
k2246,k13,2246,13,k,Mohammed,1/5 Stars,22-04-21,"Loru khali wontons pakradiye....
Kaash ek lanat ka bhi option hotaü§¨ü§¨
Paisay thoray ziyada Le lo magar cheez tou achi do",Karachi
k2247,k13,2247,13,k,Shoaib,5/5 Stars,22-04-21,"I Ordered Roll and One Bite Samosa
Like it üëç",Karachi
k2248,k13,2248,13,k,Roha,5/5 Stars,21-04-21,Tasty üëç,Karachi
k2249,k13,2249,13,k,Hina,5/5 Stars,21-04-21,Very tasty chicken mint roll and wonton,Karachi
k2250,k13,2250,13,k,Furqan,5/5 Stars,19-04-21,"Good taste , fresh and very juicey",Karachi
k2251,k13,2251,13,k,S√ù√´d≈Ω√µH√•√≠√ü,5/5 Stars,19-04-21,Fair as per the price... Mint roll and Qeema samosa was really tasteful... will order more soon ‚ù§Ô∏è,Karachi
k2252,k13,2252,13,k,Omer,4/5 Stars,18-04-21,"Please make sure the frozen item we buy, do not stick together, as it becomes a hassle to take them all out individually.",Karachi
k2253,k13,2253,13,k,Atif,1/5 Stars,17-04-21,Ache nhi thy samose,Karachi
k2254,k13,2254,13,k,Osama,3/5 Stars,14-04-21,behtarein mint roll and qeema ka samosa tha. But meine chicken cheese balls mangae the not samosa !!,Karachi
k2255,k13,2255,13,k,Rizvana,5/5 Stars,10-04-21,Best as always üëç,Karachi
k2256,k13,2256,13,k,Tuba,1/5 Stars,07-04-21,The samosas they send are rotten and smelly,Karachi
k2257,k13,2257,13,k,Duaa,5/5 Stars,17-03-21,Quantity bhot kam hai paise bhot zyada,Karachi
k2258,k13,2258,13,k,UrRehman,5/5 Stars,23-02-21,"Wowww for items ...u did a good job  ,everything is perfect taste and size ...keep it up",Karachi
k2259,k13,2259,13,k,Amna,5/5 Stars,14-01-21,Bohat achi deals thi phir se karen plz bohat testy yummy chizen best of luck,Karachi
k2260,k13,2260,13,k,Muhammad,5/5 Stars,12-01-21,nice üëç keep it up,Karachi
k2261,k13,2261,13,k,Aaisha,5/5 Stars,09-01-21,Abhi tak khaya nahi ferozen item hai aik aik inch k samosy hai üôÑ,Karachi
k2262,k13,2262,13,k,Aleeza,5/5 Stars,04-01-21,Ordered 1 dozen chicken nuggets. So fresh and tasty!,Karachi
k2263,k13,2263,13,k,Rizvana,5/5 Stars,25-12-20,üëç,Karachi
k2264,k13,2264,13,k,Rizvana,5/5 Stars,22-12-20,üëçüëç,Karachi
k2265,k13,2265,13,k,Nida,5/5 Stars,21-12-20,havent taste it yet but i am rating you 5 stars - hopefully i wont regret,Karachi
k2266,k13,2266,13,k,Sumair,3/5 Stars,13-12-20,Small in size and just ok,Karachi
k2267,k13,2267,13,k,Warda,3/5 Stars,13-12-20,Cheese jab dalni nai hoti wontons ma to na liyan kindly...or mixture b itni kanjoosi  sa dala ha,Karachi
k2268,k15,2268,15,k,Amir,5/5 Stars,27-06-21,Niceeee,Karachi
k2269,k15,2269,15,k,Filza,4/5 Stars,02-06-21,Junior burger,Karachi
k2270,k15,2270,15,k,Ahsan,3/5 Stars,01-06-21,Good,Karachi
k2271,k15,2271,15,k,Sana,1/5 Stars,30-05-21,Food was uncooked,Karachi
k2272,k17,2272,17,k,Sumaira,1/5 Stars,11-09-21,Very bad and smelly porries using very old oil to fry,Karachi
k2273,k17,2273,17,k,Wadia,4/5 Stars,10-09-21,Puri was tasty but choolay sahi nahi galey hoey the or aalo ki tarkari mei sey halki si smell thi,Karachi
k2274,k17,2274,17,k,Yumna,4/5 Stars,10-09-21,Bakaaaaaaaaaaar,Karachi
k2275,k17,2275,17,k,Saima,4/5 Stars,05-09-21,Price is high,Karachi
k2276,k17,2276,17,k,Anoosha,5/5 Stars,29-08-21,Awesome And Delicious,Karachi
k2277,k17,2277,17,k,Prince,1/5 Stars,26-08-21,The quility of the puris i ordered was not good and the cholla and tarkari was also not good at all. The price is very high according to the quality. I wont order from them from now on..,Karachi
k2278,k17,2278,17,k,humo,5/5 Stars,08-08-21,Yummy or bhot acha taste tha in sha Allah again oder kre gy,Karachi
k2279,k17,2279,17,k,Amna,1/5 Stars,30-07-21,Hopeless,Karachi
k2280,k17,2280,17,k,MuhammadZubair,5/5 Stars,25-07-21,Delicious as always,Karachi
k2281,k17,2281,17,k,Diya,2/5 Stars,21-07-21,Mene rusk b order kia tha dia he nahi üòê,Karachi
k2282,k17,2282,17,k,Faiz,5/5 Stars,15-07-21,Wonderful puri,Karachi
k2283,k17,2283,17,k,taha,1/5 Stars,11-07-21,Pathetic tase. Halwa was not cooked properly. Tarkari has no salt in it,Karachi
k2284,k17,2284,17,k,Hina,1/5 Stars,10-07-21,Meetha chewra order kia tha moti nimko bhaij Di very bad,Karachi
k2285,k17,2285,17,k,Ayesha,1/5 Stars,06-07-21,"Bad experience
Tasteless parties",Karachi
k2286,k17,2286,17,k,Jalil,3/5 Stars,27-06-21,Achi hoti ha halwa pori Allahpak berkat de apk kam ma,Karachi
k2287,k17,2287,17,k,Faiz,5/5 Stars,27-06-21,"One of the beat halwa puri in town do order from here. The puri, aloo, channa everything was fresh and hot. Totally satisfied",Karachi
k2288,k17,2288,17,k,Zeeshan,2/5 Stars,27-06-21,Pls make Puri with less oil,Karachi
k2289,k17,2289,17,k,Rizwan,4/5 Stars,26-06-21,Good,Karachi
k2290,k17,2290,17,k,Sayeed,4/5 Stars,23-06-21,Rolls was not good,Karachi
k2291,k17,2291,17,k,Saud,1/5 Stars,18-06-21,Poor food serve,Karachi
k2292,k17,2292,17,k,Alina,2/5 Stars,16-06-21,Alu ki tarkari was mising..,Karachi
k2293,k17,2293,17,k,Abdul,5/5 Stars,16-06-21,Halwa km tha,Karachi
k2294,k17,2294,17,k,Abdul,4/5 Stars,15-06-21,May hamesha yahi sy order kerta hoo lekin isdafa salan ki quantity km thi,Karachi
k2295,k17,2295,17,k,Maha,1/5 Stars,14-06-21,"Good taste
Perfect quality and quantity",Karachi
k2296,k17,2296,17,k,Yumna,2/5 Stars,12-06-21,No taste  bekaar chips oil hi ganda tha frying wala,Karachi
k2297,k17,2297,17,k,Abdul,5/5 Stars,09-06-21,Best halwa puri,Karachi
k2298,k17,2298,17,k,Taimoor,5/5 Stars,06-06-21,Best,Karachi
k2299,k17,2299,17,k,Junaid,1/5 Stars,04-06-21,Very bad,Karachi
k2300,k17,2300,17,k,Junaid,5/5 Stars,29-05-21,Out standing,Karachi
k2301,k17,2301,17,k,alishba,5/5 Stars,27-05-21,Bhot zabardast,Karachi
k2302,k17,2302,17,k,Ayesha,3/5 Stars,26-05-21,Chips baasi thy .. roll was good ..,Karachi
k2303,k17,2303,17,k,Mrs,1/5 Stars,21-05-21,Nimko ki quantiti boht km ti baqi items thik thy,Karachi
k2304,k17,2304,17,k,Faizan,5/5 Stars,20-05-21,"Good taste, magar halwa nhi Dalaüò°jb pkg main mention kartay ho to plz Aesa mat karen",Karachi
k2305,k17,2305,17,k,Mahek,4/5 Stars,17-05-21,"The quantity was extremely poor. The curry served with 4 puris was extremely less. However, the taste was phenomenal and extremely tasty.",Karachi
k2306,k17,2306,17,k,Amara,1/5 Stars,16-05-21,I ordered halwa puri...which delivered me after 2 hours and tarkari was so spicy that no one could eat it,Karachi
k2307,k17,2307,17,k,Wadia,5/5 Stars,07-04-21,"Halwa puri was tasty 
Aise hi apna taste barkarar rakhen 
Highly recommended üëçüëç",Karachi
k2308,k17,2308,17,k,MuhammadZubair,5/5 Stars,04-04-21,"Taste, packing everything perfect but rider always late to deliver üòë",Karachi
k2309,k17,2309,17,k,Safia,3/5 Stars,03-04-21,Moog ki daal ki quantity bohat kam thi plz don't buy bakery item,Karachi
k2310,k17,2310,17,k,MuhammadOsama,5/5 Stars,28-03-21,Best as always,Karachi
k2311,k17,2311,17,k,Muzaffar,5/5 Stars,26-03-21,Best,Karachi
k2312,k17,2312,17,k,Naveera,5/5 Stars,25-03-21,"Highly recommend!! 
Perfect tasteüëç",Karachi
k2313,k17,2313,17,k,Nuzhat,1/5 Stars,25-03-21,Basi thin andarsy or roll,Karachi
k2314,k17,2314,17,k,Hashim,5/5 Stars,23-03-21,Delicious halwa puriüëç,Karachi
k2315,k19,2315,19,k,Kashif,1/5 Stars,17-03-21,I didn't receive my order but it's mark delivered,Karachi
k2316,k19,2316,19,k,Tahir,2/5 Stars,22-02-21,Beef or chicken dono Sai sa bake ni hoi v the. Kachay tha..,Karachi
k2317,k19,2317,19,k,Urooj,5/5 Stars,13-01-21,Taste‚ù§Ô∏è,Karachi
k2318,k19,2318,19,k,Tooba,2/5 Stars,08-11-20,I got my food in 1 hour instead of 25 min. Its too late. Also rider didn't know the area he reached after too much guiding him.,Karachi
k2319,k21,2319,21,k,Manal,1/5 Stars,21-05-21,To much masala,Karachi
k2320,k21,2320,21,k,Haris,1/5 Stars,21-05-21,⁄à€å⁄ë⁄æ ⁄Ø⁄æŸÜŸπ€Å ŸÑ€åŸπ Ÿæ€ÅŸÜ⁄Üÿß €Å€í ÿ±ÿßÿ¶⁄àÿ± ÿßŸàÿ± ÿ®ÿ±€åÿßŸÜ€å ÿ®⁄æ€å ÿ®ÿ≥ ÿß€åŸàÿ±ÿ¨ €Å€å ÿ™⁄æ€å,Karachi
k2321,k21,2321,21,k,Syeda,2/5 Stars,02-05-21,Biryani them this par quantity bohat kam  thi packing to thi he ni supper ma biryani bhaj di,Karachi
k2322,k21,2322,21,k,Fazla,1/5 Stars,27-04-21,Tasteless,Karachi
k2323,k21,2323,21,k,Fazeela,3/5 Stars,21-04-21,not fresh,Karachi
k2324,k21,2324,21,k,Hanzu,4/5 Stars,29-03-21,Detail for spicy or non spicy,Karachi
k2325,k21,2325,21,k,Nida,4/5 Stars,25-03-21,Taste was awesum but contity too shot,Karachi
k2326,k21,2326,21,k,Samia,5/5 Stars,19-03-21,Tru to give spoons with the order next time,Karachi
k2327,k21,2327,21,k,Sajid,1/5 Stars,14-03-21,3rd class oily biryani.,Karachi
k2328,k21,2328,21,k,faiza,5/5 Stars,12-03-21,Good,Karachi
k2329,k21,2329,21,k,Manahil,1/5 Stars,06-03-21,"Bilkul khrb or basi biryani thi sharam ani chye ap logo ko 
160 me itnahi khrab or basi biryani bhji",Karachi
k2330,k21,2330,21,k,Sidrah,2/5 Stars,04-03-21,Quantity is very less and  chicken pieces are very small,Karachi
k2331,k21,2331,21,k,Anas,1/5 Stars,25-02-21,Ghatiya tareen biryani i have ever eaten tasteless masla hi masla chawal naam ko thy,Karachi
k2332,k21,2332,21,k,Sadia,1/5 Stars,16-02-21,Bed experiace teast less quality 0,Karachi
k2333,k21,2333,21,k,Dua,3/5 Stars,07-02-21,Biryani was so cold .all taste was furnished due to coldness,Karachi
k2334,k21,2334,21,k,Hira,1/5 Stars,04-02-21,Too much spicy biryani,Karachi
k2335,k21,2335,21,k,owais,1/5 Stars,10-01-21,Nice,Karachi
k2336,k21,2336,21,k,Rukhsar,1/5 Stars,07-01-21,Tastelesss biriyani ever without chiken,Karachi
k2337,k21,2337,21,k,anas,1/5 Stars,01-01-21,Chotiyapeee ki biryani,Karachi
k2338,k21,2338,21,k,Ahmed,1/5 Stars,31-12-20,Taste was not like before,Karachi
k2339,k21,2339,21,k,Ayesha,5/5 Stars,30-12-20,Very tasty üòã food,Karachi
k2340,k21,2340,21,k,saira,1/5 Stars,27-12-20,Bhtt hii kharab experience rha mera aplog nee srff masala bhar kr dedia chawal bilkul nai thaa srff masala orr kachra hi kachra usmnn .,Karachi
k2341,k21,2341,21,k,Farman,3/5 Stars,20-12-20,Too spicy,Karachi
k2342,k21,2342,21,k,Urooj,1/5 Stars,16-12-20,Biryani was very spicy,Karachi
k2343,k21,2343,21,k,noman,2/5 Stars,15-12-20,Biryani was not fresh bad experience,Karachi
k2344,k21,2344,21,k,mobi,1/5 Stars,12-12-20,"Uncooked chicken, and cold",Karachi
k2345,k21,2345,21,k,AriSha,1/5 Stars,10-12-20,Tastless food.. rice was not cooked,Karachi
k2346,k21,2346,21,k,Quratshibly,5/5 Stars,07-12-20,Increase the quantity of rice,Karachi
k2347,k21,2347,21,k,Anam,1/5 Stars,07-12-20,Tasteless biryani with smely chckn,Karachi
k2348,k21,2348,21,k,Farrukh,5/5 Stars,05-12-20,Awesome,Karachi
k2349,k21,2349,21,k,Owais,4/5 Stars,29-11-20,Order received very late. Biryani bilkul bhi garam ni ghi..,Karachi
k2350,k21,2350,21,k,Waqas,1/5 Stars,28-11-20,Biryani doesn't have a taste,Karachi
k2351,k21,2351,21,k,FaizanKhan,5/5 Stars,27-11-20,good,Karachi
k2352,k21,2352,21,k,Muhammad,4/5 Stars,27-11-20,The taste was good but it was so spicy üå∂,Karachi
k2353,k21,2353,21,k,samrah,5/5 Stars,23-11-20,Taste acha tha pr thandi or oily thi bht,Karachi
k2354,k21,2354,21,k,Noor,1/5 Stars,21-11-20,No standard food available on foodpanda.,Karachi
k2355,k21,2355,21,k,Javeria,5/5 Stars,20-11-20,They did not give spoons and for this we suffer alot..,Karachi
k2356,k21,2356,21,k,Atif,5/5 Stars,08-11-20,Garama garam biryani ho to maza ajay,Karachi
k2357,k21,2357,21,k,amaya,5/5 Stars,28-10-20,Goood,Karachi
k2358,k21,2358,21,k,Syeda,2/5 Stars,22-10-20,Biryani taste not good,Karachi
k2359,k21,2359,21,k,Maherumair,1/5 Stars,22-10-20,Briyani is taste less,Karachi
k2360,k21,2360,21,k,Sayyieda,4/5 Stars,11-10-20,"Less in quantity,  was too much hungry and when saw the box was very dissapointed... But khair h..  I gave u 4stars of rating, and suggested  to my circle",Karachi
k2361,k21,2361,21,k,Mrs,1/5 Stars,11-10-20,⁄©⁄æÿßŸÜÿß ÿß⁄© ÿØŸÖ ÿ®€å⁄©ÿßÿ± ÿ™⁄æÿß ÿµÿ±ŸÅ ŸÖÿµÿßŸÑÿ≠€Å ÿ™⁄æÿß ŸÖÿ±⁄Ü €Å€å ÿ™⁄æ€å ⁄©ŸàŸ∏€å ÿ∞ÿßŸ∏ŸÇ€Å ŸÜ€Å€å⁄∫ ÿ®ÿ±€åÿßŸÜ€å ⁄©ÿß €î€î,Karachi
k2362,k23,2362,23,k,Muhammad,5/5 Stars,04-12-20,Nice & crispy.!,Karachi
k2363,k23,2363,23,k,Shaheryar,5/5 Stars,01-10-20,Amazing experience,Karachi
k2364,k23,2364,23,k,Hiba,1/5 Stars,27-09-20,Worst food bhttt gnda. Burger is smelly. And no cheese in big chicken cheese nurger like seriously. Mayo roll  tpu aaisaa phatta hwa thaa k na pucho. Gmdi wali ketchup s ebhra hwa bs. Herky wala jitnaa khud gamda rehta hai na wese hi gmda burger deya. Seriously kabhi b koi na mangwaye. Pachtaogay. Mark my words Pachtaogay,Karachi
k2365,k23,2365,23,k,Hammad,5/5 Stars,03-09-20,2nd time i didnt get bun with broast plz add bun with broast ..as the meal is incomplete without bun,Karachi
k2366,k23,2366,23,k,Hammad,4/5 Stars,23-08-20,Add bun with brosat,Karachi
k2367,k23,2367,23,k,mohammad,1/5 Stars,30-07-20,Food was not fresh mayo garlic roll was baasi,Karachi
k2368,k25,2368,25,k,Fasihuddin,1/5 Stars,06-08-21,baykar or third class pasay zaya huway h kacha tha or sirf bread thi band kar do aysay resturant ko,Karachi
k2369,k25,2369,25,k,Faizan,1/5 Stars,29-06-21,Poor not buy again,Karachi
k2370,k25,2370,25,k,Akhter,1/5 Stars,26-06-21,"Bohat he gathya restaurant hey.....dont try......cheese shawarma order kiya tha.....parthey main gobi bhar key roll bana k bahaj diya,......koi ala kisam key gathiya log hey.......total waste .... Dont try",Karachi
k2371,k25,2371,25,k,Tabish,2/5 Stars,26-06-21,The taste was worst ..,Karachi
k2372,k25,2372,25,k,MTalha,1/5 Stars,20-06-21,Pizza not good waste money,Karachi
k2373,k25,2373,25,k,Sadia,1/5 Stars,13-06-21,Average,Karachi
k2374,k27,2374,27,k,Subhaan,1/5 Stars,06-04-21,I didnot get my order.. Refund my amount... I am very disapponted with this act of panda..,Karachi
k2375,k29,2375,29,k,Muhammad,1/5 Stars,25-06-21,"Rotten chicken used, very disappointed...",Karachi
k2376,k29,2376,29,k,Ali,5/5 Stars,01-06-21,It was amazing,Karachi
k2377,k29,2377,29,k,Muhib,2/5 Stars,31-05-21,Every thing was good but the quality could be om0roved,Karachi
k2378,k29,2378,29,k,MuhammadNoman,1/5 Stars,29-05-21,The food was basi (stale)... have ordered from here before the quality was good but now they have degraded it... i don't know why they are doing it... but i hope that they get back to their old level soon.,Karachi
k2379,k29,2379,29,k,Coo,1/5 Stars,01-05-21,"Worst exp.
Expired chicken.
Lost of money
They should not play with others life
Food authority must check their products",Karachi
k2380,k29,2380,29,k,Farhan,1/5 Stars,26-04-21,The meal was pathetic and I really disappointed your service this is my last experience with food panda.,Karachi
k2381,k29,2381,29,k,Faizan,5/5 Stars,10-04-21,I hope you will maintain the same quality,Karachi
k2382,k29,2382,29,k,Bilal,5/5 Stars,07-04-21,Everything was quite perfect!! Highly recommended ‚ù§Ô∏è,Karachi
k2383,k29,2383,29,k,Ashir,5/5 Stars,02-04-21,Absolutely crunchy juicy highly recommend,Karachi
k2384,k29,2384,29,k,Shahrukh,1/5 Stars,03-10-20,Food was under cooked,Karachi
k2385,k29,2385,29,k,Mubashir,1/5 Stars,23-09-20,Food was pathetic..no taste.. No quality... So cold and stale,Karachi
k2386,k29,2386,29,k,Faraz,3/5 Stars,20-09-20,Due to deal stuff was less in shawarma all discount cut from less stuff....clever..,Karachi
k2387,k29,2387,29,k,Muhammad,1/5 Stars,15-09-20,"Fries was missing üòë
Peta bread was also not fresh !",Karachi
k2388,k29,2388,29,k,Maheen,5/5 Stars,14-09-20,The food was less then we orderd.packinging was so bad but,Karachi
k2389,k29,2389,29,k,Hassaan,5/5 Stars,05-09-20,"Zabardast food ... 
Great service",Karachi
k2390,k29,2390,29,k,aroush,5/5 Stars,02-09-20,Food is not hot,Karachi
k2391,k29,2391,29,k,Muhammad,3/5 Stars,31-08-20,Quality not good disappointed ketup and mayonise were not up to the mark.,Karachi
k2392,k29,2392,29,k,aroush,4/5 Stars,31-08-20,Taste is good rider is too late and food is not hot ..,Karachi
k2393,k30,2393,30,k,Mustaqeem,1/5 Stars,29-06-21,"Third class, ghatiya no taste, especially maine instruction dia tha ke ketchup na dhalo phir bhi pagal logon ne dhal dia     very disappointed",Karachi
k2394,k30,2394,30,k,Abdul,3/5 Stars,29-06-21,Food was cold,Karachi
k2395,k30,2395,30,k,Ali,1/5 Stars,24-06-21,Fries nhi bhejy,Karachi
k2396,k30,2396,30,k,Samia,2/5 Stars,20-06-21,I ordered roll... That wasn't fresh and too small,Karachi
k2397,k30,2397,30,k,Owais,1/5 Stars,15-06-21,really bad experience i ordered kabab roll instead they send my chicken roll and even food panda didn't help me here really upset,Karachi
k2398,k30,2398,30,k,Muhammad,3/5 Stars,14-06-21,Roll phele se bhai patla kr diya hy,Karachi
k2399,k30,2399,30,k,Umair,1/5 Stars,13-06-21,Phli dafa jb order kra twister roll to thk tha per ab ki bar totally cornflour ki layer very disappointed r tikka to totally bkwas na chatni na piyaz 240 me üôÑüòè,Karachi
k2400,k30,2400,30,k,Talal,1/5 Stars,12-06-21,"Not good... Broast was not properly cooked..
Behari boti quality and quantity too bad.. üòí",Karachi
k2401,k30,2401,30,k,ArsalanAhmed,4/5 Stars,10-06-21,Coalslaw nhi tha üò¢,Karachi
k2402,k30,2402,30,k,Umair,1/5 Stars,03-06-21,I have ordered beef burger and beef spicy mayo roll. The smelly beef patty in the burger and the roll was of chicken instead of beef. Very bad experience!!,Karachi
k2403,k30,2403,30,k,Alishba,1/5 Stars,01-06-21,Highly disappointed with the food..,Karachi
k2404,k30,2404,30,k,Humera,4/5 Stars,01-06-21,I have tried zinger and chicken chatting rolls and both r to good,Karachi
k2405,k30,2405,30,k,wahaj,1/5 Stars,01-06-21,Pathetic taste,Karachi
k2406,k30,2406,30,k,Muhammad,3/5 Stars,31-05-21,Mjy iska feiry zinger bht pasand tha but this time zara b acha nhi tha wo taste hi nhi tha,Karachi
k2407,k30,2407,30,k,Huzaifa,1/5 Stars,31-05-21,Blkl beekar hai broast mangwaya tha pta aik chicken ka piece bhejwa diya bs woh bh kacha aur baasi,Karachi
k2408,k30,2408,30,k,Rafay,1/5 Stars,30-05-21,Worst experience. We ordered 4 bbq sandwiches bakhuda bhook se halat kharab hogai thi kyun k order late aya. Or jab aaya tou order ghalat tha. 4 sastay chicken burger. We paid 995 for the sandwiches not for those 100 or so burgers that we never ordered. I have the order id with pictures proof.,Karachi
k2409,k30,2409,30,k,Shahrukh,1/5 Stars,29-05-21,Oily food and stale,Karachi
k2410,k30,2410,30,k,Naseer,1/5 Stars,29-05-21,It wasss tooo bad it was a totally wastage of money from now I can't even imagine to buy any food from this restaurant,Karachi
k2411,k30,2411,30,k,Hamaila,3/5 Stars,28-05-21,Excellent,Karachi
k2412,k30,2412,30,k,Saqib,1/5 Stars,28-05-21,Pathetic broast. Inkk ban kr k band kr dena chahye,Karachi
k2413,k30,2413,30,k,Iblal,3/5 Stars,20-01-21,They sent leg instead of chest,Karachi
k2414,k30,2414,30,k,Amatul,1/5 Stars,17-01-21,Bad service of islam food,Karachi
k2415,k30,2415,30,k,Hamza,2/5 Stars,16-01-21,Really disappointed,Karachi
k2416,k30,2416,30,k,Waqar,5/5 Stars,16-01-21,Tasty food zabardast perfect meal,Karachi
k2417,k30,2417,30,k,Saeed,1/5 Stars,15-01-21,Sand ‚è≥ in all four meals.,Karachi
k2418,k30,2418,30,k,javed,1/5 Stars,14-01-21,Taste was not good this time,Karachi
k2419,k30,2419,30,k,JOhnn,4/5 Stars,13-01-21,Good food,Karachi
k2420,k30,2420,30,k,Erum,1/5 Stars,12-01-21,Bht  chota pieces thy,Karachi
k2421,k30,2421,30,k,Ansharah,1/5 Stars,12-01-21,"The chicken in the roll was totally uncooked ..
It wasnt good",Karachi
k2422,k30,2422,30,k,Sana,5/5 Stars,12-01-21,As usual amazing,Karachi
k2423,k30,2423,30,k,Muhammad,1/5 Stars,11-01-21,"The food quantity was not good. I ordered two Qtr. Broast but they were just 2 pieces of chicken altogether not enough for a single person. This is dishonesty, if we are using voucher code doesn't means that we aren't paying or it's a freebie. The voucher amount is incurred and that's a customer loyalty thing. But food business here thinks otherwise.",Karachi
k2424,k30,2424,30,k,mohammad,1/5 Stars,11-01-21,It was so bad and also it was smelling,Karachi
k2425,k30,2425,30,k,Zohair,1/5 Stars,08-01-21,Upsad over all ...this time,Karachi
k2426,k30,2426,30,k,Dilawar,1/5 Stars,04-01-21,No mayo in garlic mayo roll. Pathetic,Karachi
k2427,k30,2427,30,k,Hafsa,1/5 Stars,03-01-21,Boht jhooti or dhokebaazi Ki baat Hy ye kii Mene Bihari chatni roll mngvaya but unhone mjhe tikka roll Laa dia mtlb Kitna ghlt h ye...Bihari boti or tikka main Kitna farq hota h Magar nh fraud Hy ye Or chatnii to dur dur tak nhiii thiii!!! Bss tikka or masala Tha!! Mtlb beef Bihari chatni roll K naam par itna jhoot...,Karachi
k2428,k30,2428,30,k,Zaid,1/5 Stars,03-01-21,"Chutyape ka zinger, bx smell arhi thi burgerr me sarne ki",Karachi
k2429,k30,2429,30,k,SMJunaid,1/5 Stars,02-01-21,Bakwas taste,Karachi
k2430,k30,2430,30,k,Junaid,4/5 Stars,02-01-21,BBQ sandwich is good as always..,Karachi
k2431,k30,2431,30,k,Syed,1/5 Stars,02-01-21,Third class .. horrible.. irresponsible and wrong order they giving us .. will not try this place again,Karachi
k2432,k30,2432,30,k,Palwasha,5/5 Stars,31-12-20,Phatta hua note dekr gye hain rider sahab. Andheray ki wajah se note dekha nahi at the time,Karachi
k2433,k30,2433,30,k,syeda,1/5 Stars,29-12-20,Food was not fresh at all .. sended cold food,Karachi
k2434,k30,2434,30,k,Zia,1/5 Stars,28-12-20,the order was pathetic ...my rolls paratha was cold ...and I ordered one chicken & beef Mayo roll but they gave both chicken ...shame on them ... totally waste of money ....,Karachi
k2435,k30,2435,30,k,Yousuf,1/5 Stars,26-12-20,FOOD WAS COOLED,Karachi
k2436,k31,2436,31,k,ammarah,4/5 Stars,12-09-21,I ordered roll.. they were Just ok..,Karachi
k2437,k31,2437,31,k,Nadeem,1/5 Stars,16-07-21,Mjhy mera meal hi nhu Mila fraud hua mere sth,Karachi
k2438,k31,2438,31,k,Abdul,5/5 Stars,02-07-21,Tasty and fresh food üòã,Karachi
k2439,k31,2439,31,k,DanishHussain,3/5 Stars,27-05-21,Quantity & quality  should not compromised,Karachi
k2440,k31,2440,31,k,Naveed,1/5 Stars,23-05-21,Ghatiyan tareen khana,Karachi
k2441,k31,2441,31,k,Fazila,1/5 Stars,17-05-21,delayed,Karachi
k2442,k32,2442,32,k,Khan,1/5 Stars,24-02-21,Bilkul bakar mircho sa bhare hoi khai bhe ni gai ainda order ni karon ga,Karachi
k2443,k32,2443,32,k,Maham,4/5 Stars,05-02-21,Less quantity as per price,Karachi
k2444,k32,2444,32,k,Naqi,5/5 Stars,03-02-21,Awesome deal,Karachi
k2445,k32,2445,32,k,Zeba,1/5 Stars,29-01-21,⁄Ø⁄æŸπ€åÿß ÿ™ÿ±€åŸÜ ÿ±ŸàŸÑÿ≤ ⁄©Ÿàÿ¶€å ÿ®⁄æ€å ÿ≤ÿß€åŸÇ€Å ŸÜ€Å€å⁄∫ ÿß€å⁄© ÿ®ŸàŸπ€å... ⁄à€åŸÑÿ≤ ⁄©€í ŸÜÿßŸÖ Ÿæÿ± ÿØ⁄æŸà⁄©€Å ÿ≠ÿØ €Å€í,Karachi
k2446,k33,2446,33,k,Anusha,5/5 Stars,11-09-21,It was really goood!,Karachi
k2447,k33,2447,33,k,Ahmer,4/5 Stars,08-09-21,"It was good.. fries was pretty good..  
Don't know if the chef is seeing this or not but I think if you will add a lil more sauce and ketchup in it.. it'd be perfect..",Karachi
k2448,k33,2448,33,k,ÿ≠ŸÖÿ≤€Å,2/5 Stars,06-09-21,Quantity was good taste was average but itny main acha h,Karachi
k2449,k33,2449,33,k,MAsif,5/5 Stars,05-09-21,ŸÖÿß ÿ¥ÿßÿ° ÿßŸÑŸÑŸá,Karachi
k2450,k33,2450,33,k,Areesha,1/5 Stars,05-09-21,"Pehlay mangwaya tha tou acha tha ab zinger mai chicken bhtt baasi thi aur chicken kam srf coating hi thi aur mayo wagera bhi nahe tha zyada and please ketchup k sachet bhi daal diya karen yaar 
just this time fries was good otherwise very dissapointed",Karachi
k2451,k33,2451,33,k,Anas,5/5 Stars,03-09-21,The burger was so delicious üòã,Karachi
k2452,k33,2452,33,k,SyedMuhammad,5/5 Stars,02-09-21,Burgers were good but they were bit small. Crispy poppers should have be crispier. Over all food was good.,Karachi
k2453,k33,2453,33,k,Amash,5/5 Stars,01-09-21,It was great,Karachi
k2454,k33,2454,33,k,Muhammad,1/5 Stars,30-08-21,Bht he bekaar zinger . 2 bite khakr phenkna para,Karachi
k2455,k33,2455,33,k,ahmer,2/5 Stars,29-08-21,Not good at all the zinger I ordered was so thin and the bun was stale,Karachi
k2456,k33,2456,33,k,Aliza,1/5 Stars,29-08-21,Pathetic cold and salty chicken is too less and too salty,Karachi
k2457,k33,2457,33,k,Omer,4/5 Stars,29-08-21,Good,Karachi
k2458,k33,2458,33,k,Emam,5/5 Stars,29-08-21,Testy tha or rider be acha tha,Karachi
k2459,k33,2459,33,k,Waseem,1/5 Stars,28-08-21,Not. Good,Karachi
k2460,k33,2460,33,k,Saad,1/5 Stars,27-08-21,Tardh kilas,Karachi
k2461,k33,2461,33,k,Ahmed,5/5 Stars,26-08-21,Best zinger. Small but taste was 10/10,Karachi
k2462,k33,2462,33,k,M,4/5 Stars,26-08-21,Order was good but your mayo garlic sauce taste so bad smell like plastic Maybe cause you put it with hot food it become hot also notice that,Karachi
k2463,k33,2463,33,k,Abid,5/5 Stars,24-08-21,Delicious food,Karachi
k2464,k33,2464,33,k,Ahsen,1/5 Stars,24-08-21,Got food poisoned. No freshness in food,Karachi
k2465,k33,2465,33,k,Salman,5/5 Stars,23-08-21,Awesome,Karachi
k2466,k33,2466,33,k,Syeda,5/5 Stars,23-08-21,everything is fine and fries are so yummy just one thing kindly don't put sause in the box,Karachi
k2467,k33,2467,33,k,Muzammil,1/5 Stars,22-08-21,"Its was not a zinger its was the junior zinger, very bad experience",Karachi
k2468,k33,2468,33,k,Saif,2/5 Stars,21-08-21,Very disappointed by the quantity of chicken patty in zinger. Will be hoping better next time.,Karachi
k2469,k33,2469,33,k,Fayzan,1/5 Stars,21-08-21,Pathatic food ever,Karachi
k2470,k33,2470,33,k,Muhammad,1/5 Stars,20-08-21,Ghatiya tha. Patti itni patli the k Nazar he nae arae the,Karachi
k2471,k33,2471,33,k,SyedFaizan,5/5 Stars,18-08-21,Vvvvv yuuumy,Karachi
k2472,k33,2472,33,k,Drsheeraz,1/5 Stars,13-08-21,Not good,Karachi
k2473,k33,2473,33,k,Osama,2/5 Stars,10-08-21,Extra small zinger burger hai yeh. 220 ki original cost ko 40% discount Mai beach kr mazak na karen bhai. 220 Mai fries k 7 standard size miljata hai. Fries k ginti k the,Karachi
k2474,k33,2474,33,k,Haris,5/5 Stars,09-08-21,Very good in reasonable price,Karachi
k2475,k33,2475,33,k,Farooq,3/5 Stars,09-08-21,Maza nhi aya,Karachi
k2476,k33,2476,33,k,Azan,5/5 Stars,09-08-21,Nice üòã tasty,Karachi
k2477,k33,2477,33,k,Saad,5/5 Stars,05-08-21,Good,Karachi
k2478,k33,2478,33,k,Innam,1/5 Stars,04-08-21,Tasteless small zinger.,Karachi
k2479,k33,2479,33,k,Waseem,3/5 Stars,02-08-21,Chicken kacha tha zinger me. Aur chat masala bht tha. Bohot hi average burger tha,Karachi
k2480,k33,2480,33,k,Ghania,4/5 Stars,31-07-21,The was tasty but very less in quantity. I ordered a zinger with fries (deal) and it literally had 4 fries within.,Karachi
k2481,k33,2481,33,k,Sadia,1/5 Stars,31-07-21,Tastless,Karachi
k2482,k33,2482,33,k,Naeem,1/5 Stars,28-07-21,Bekar oil use kia tha qulity ko behtar banay,Karachi
k2483,k34,2483,34,k,dua,2/5 Stars,13-09-21,Har dafa alag test hota Hy plz tast same rakhyn apna plz,Karachi
k2484,k34,2484,34,k,Muzammil,1/5 Stars,10-09-21,worst food,Karachi
k2485,k34,2485,34,k,asifa,5/5 Stars,07-09-21,Zabrdst broast mazaaa agayaüëåüòã,Karachi
k2486,k34,2486,34,k,dua,3/5 Stars,06-09-21,Acha tha bas Thora garam bhej Diya karyn,Karachi
k2487,k34,2487,34,k,Wasfa,1/5 Stars,30-08-21,Bht hi bura tha normal si slice ospe kharaab chicken bht hi bad experience tha,Karachi
k2488,k34,2488,34,k,Ali,4/5 Stars,28-08-21,Good experience,Karachi
k2489,k34,2489,34,k,MTalha,2/5 Stars,27-08-21,Acha nahi tha normal tha..,Karachi
k2490,k34,2490,34,k,Talha,5/5 Stars,23-08-21,Amazing,Karachi
k2491,k34,2491,34,k,Zubair,1/5 Stars,22-08-21,Food was pathetic.,Karachi
k2492,k34,2492,34,k,Shahvez,1/5 Stars,21-08-21,Very bed test very bed chicken used in burger,Karachi
k2493,k34,2493,34,k,dua,5/5 Stars,20-08-21,Thori si chicken BHI daldety to Acha hota bhai,Karachi
k2494,k34,2494,34,k,sehar,3/5 Stars,18-08-21,Rider ny mis behaive kya i dnt like...but roll was gud to test...,Karachi
k2495,k34,2495,34,k,Raees,1/5 Stars,18-08-21,Bekaar,Karachi
k2496,k34,2496,34,k,Sanober,1/5 Stars,18-08-21,Normal jisa dekhaya tha wisa nh tha,Karachi
k2497,k34,2497,34,k,yamina,5/5 Stars,16-08-21,Bhot acha tha bs fries bhot km thi subha 4 baje bilkul fresh tha bhot zabardast broast ki quantity bhot sari thiüòã,Karachi
k2498,k34,2498,34,k,SaniyaZameer,5/5 Stars,15-08-21,Very good in taste and this time u have improved .. so five ü§©,Karachi
k2499,k34,2499,34,k,Famiya,5/5 Stars,15-08-21,Good taste,Karachi
k2500,k34,2500,34,k,Mr,1/5 Stars,15-08-21,Very disappointing rotten food bad smell oil zero star I want my refund,Karachi
k2501,k34,2501,34,k,Waleed,1/5 Stars,14-08-21,"Worst experience ever..
Stale chicken.. been through food poisoning after having this..
Not recommend",Karachi
k2502,k34,2502,34,k,Syed,1/5 Stars,14-08-21,The fries was too spicy and the special egg burger was tasteless and with a very very little  cheese and the shape and quality of burger the burger is totally different from me order.,Karachi
k2503,k34,2503,34,k,AlamUmer,1/5 Stars,13-08-21,Very bad experience,Karachi
k2504,k34,2504,34,k,Raza,3/5 Stars,13-08-21,Chikan senvech good,Karachi
k2505,k34,2505,34,k,asifa,2/5 Stars,09-08-21,Basi tha broast,Karachi
k2506,k34,2506,34,k,Muhammad,5/5 Stars,09-08-21,Tasty,Karachi
k2507,k34,2507,34,k,Fatima,4/5 Stars,08-08-21,Normal but fresh,Karachi
k2508,k34,2508,34,k,Usman,5/5 Stars,08-08-21,very bad bugar quality west my money,Karachi
k2509,k34,2509,34,k,Attika,1/5 Stars,08-08-21,worst food evet,Karachi
k2510,k34,2510,34,k,Madiha,5/5 Stars,08-08-21,Good,Karachi
k2511,k34,2511,34,k,Babar,1/5 Stars,08-08-21,Bad test basi chicken,Karachi
k2512,k34,2512,34,k,Aqib,3/5 Stars,07-08-21,Very expensive and tasteless Zinger Burger plus very less in chicken,Karachi
k2513,k34,2513,34,k,Yumna,1/5 Stars,07-08-21,Wrost experiance bad exberiance üëé not recomended vary bad quality of food non fresh n testles ..,Karachi
k2514,k34,2514,34,k,Mohsin,1/5 Stars,06-08-21,I ordered Pizza fries. & they literally send me pathan's fries in a Thermo box rather than an Aluminum box,Karachi
k2515,k34,2515,34,k,Fiza,5/5 Stars,03-08-21,zinger,Karachi
k2516,k34,2516,34,k,SyedAli,1/5 Stars,03-08-21,Bakwas,Karachi
k2517,k34,2517,34,k,Saqib,4/5 Stars,02-08-21,Good,Karachi
k2518,k34,2518,34,k,Syed,2/5 Stars,02-08-21,Not satisfied,Karachi
k2519,k34,2519,34,k,rida,1/5 Stars,01-08-21,bilkul 3rd class... m bilkul thanda Zinger tha pr baasi,Karachi
k2520,k34,2520,34,k,dua,1/5 Stars,01-08-21,Itna thanda yar hod Hoti hy,Karachi
k2521,k35,2521,35,k,Altaf,2/5 Stars,14-08-21,Stale üëé,Karachi
k2522,k35,2522,35,k,Yasir,1/5 Stars,13-08-21,Food is not fresh,Karachi
k2523,k35,2523,35,k,Afshan,1/5 Stars,07-08-21,"Food was very bad kind of soap smell in chaat 
Gol gappay was not fresh not crunchy at the end we throw 650 rupees of food in garbage not recommend this food way better to buy from street",Karachi
k2524,k35,2524,35,k,Faisal,2/5 Stars,04-08-21,I don‚Äôt know why the packaging is suck and menu do you need to be more visible when you dioing online order  Customer need to see the full menu so they can order stuff specially description It‚Äôs a great effort it could be better,Karachi
k2525,k35,2525,35,k,Muhammad,1/5 Stars,02-08-21,Bassssi aur bekar money wastage,Karachi
k2526,k35,2526,35,k,Abdul,5/5 Stars,02-08-21,",, Nice",Karachi
k2527,k35,2527,35,k,Faraz,1/5 Stars,31-07-21,"Khatti chaaat delivered krdi the
Shame on them",Karachi
k2528,k35,2528,35,k,Azra,1/5 Stars,10-07-21,Bhttt bury thy tooba..kindly Haroon k kha k Dekho kese hoty hain gol gappy,Karachi
k2529,k35,2529,35,k,Koko,1/5 Stars,01-07-21,Bekar 3rd class,Karachi
k2530,k35,2530,35,k,Muhammad,1/5 Stars,04-06-21,Namak bht Taz tha or zaiqa bhe Acha nai tha bht Ganda xprens tha bilkul be ek paisy Ka nai tha paisy zaya Hogy mere,Karachi
k2531,k35,2531,35,k,Aniza,1/5 Stars,02-06-21,Very bad taste,Karachi
k2532,k35,2532,35,k,ZoyaKhan,1/5 Stars,02-06-21,Bhot hi bykar or tastless mry pesy zayaa hgy...lahori dahi brry orr paprri chat aysy nhi hoty,Karachi
k2533,k35,2533,35,k,Junaid,1/5 Stars,01-06-21,Bad experience,Karachi
k2534,k35,2534,35,k,Zubair,2/5 Stars,26-04-21,Not good test,Karachi
k2535,k35,2535,35,k,SyedAliv,1/5 Stars,24-04-21,"Meethi dahi phulki order ki thee 
But namkeen dahi barry bhaij diye",Karachi
k2536,k35,2536,35,k,Maryam,5/5 Stars,24-04-21,Bohot hi yummy dahi bary thy bohot zbrdast MashAllah packing bohot achi thi Allah or kamiyabi day apko Ameen üíì,Karachi
k2537,k35,2537,35,k,Syed,5/5 Stars,13-04-21,Good Taste,Karachi
k2538,k35,2538,35,k,Furqan,1/5 Stars,28-03-21,"Itni byqar chaat thi..itni zada methi shehad jesi na koi dahi na imli Ka Pani na chaat masla, na dahi bara..ajib si basi bondian thn, na koi piyaz timatar, opr se choule b kache...HR lehaz se byqar wast of money... never order again",Karachi
k2539,k35,2539,35,k,Anila,4/5 Stars,28-03-21,Bad taste,Karachi
k2540,k35,2540,35,k,Anum,2/5 Stars,19-03-21,Dahi bilkul patla pani jaisa horha tha,Karachi
k2541,k35,2541,35,k,Anus,1/5 Stars,18-03-21,Gol gappay test was not so good disappointed,Karachi
k2542,k35,2542,35,k,sam,5/5 Stars,12-03-21,Fruit chat m apple k elawa b add kren kchh baqi sb acha tha,Karachi
k2543,k35,2543,35,k,Sana,5/5 Stars,19-02-21,Excellent taste,Karachi
k2544,k35,2544,35,k,Imran,1/5 Stars,07-02-21,"We order 01 fruit cream chat and 01 dahi bally and papri chat,

Fruit chat was good, they give us 02 papri chat there is no dahi bally in order and both papri chat was 3rd class.",Karachi
k2545,k35,2545,35,k,Amber,1/5 Stars,20-01-21,Sb achaa tha but quentity boht kam hai price zada hai or aloo smell arai thi goal gappy ki quentity or qulity barhaye,Karachi
